BSE.Code,Name
533022,20 Microns Ltd
532628,3i Infotech Ltd
523395,3M India Ltd
526881,63 Moons Technologies Ltd
512161,8K Miles Software Services Ltd
539620,A Infrastructure Ltd
539300,A K Spintex Ltd
530499,A.K.Capital Services Ltd
533292,A2Z Infra Engineering Ltd
539096,Aananda Lakshmi Spinning Mills Ltd
538812,Aanchal Ispat Ltd
524412,Aarey Drugs & Pharmaceuticals Ltd
524348,Aarti Drugs Ltd
524208,Aarti Industries Ltd
514274,Aarvee Denims & Exports Ltd
519319,Aashee Infotech Ltd
539528,Aayush Food And Herbs Ltd
523204,Aban Offshore Ltd
512165,ABans Enterprises Ltd
500002,ABB India Ltd
500488,Abbott India Ltd
505665,ABC Bearings Ltd
520123,ABC India Ltd
532682,ABG Shipyard Ltd
532057,Abhinav Capital Services Ltd
538952,Abhinav Leasing & Finance Ltd
532831,Abhishek Corporation Ltd
538935,Abhishek Finlease Ltd
511756,Abirami Financial Services (India) Ltd
531161,ABM Knowledgeware Ltd
500410,ACC Ltd
517494,Accel Transmatic Ltd
532268,Accelya Kale Solutions Ltd
530093,ACE EduTrend Ltd
539661,Ace Men Engg Works Ltd
531525,Ace Software Exports Ltd
538570,Achal Investments Ltd
530043,Acknit Industries Ltd
539391,Acme Resources Ltd
513149,Acrow India Ltd
524091,Acrysil Ltd
532762,Action Construction Equipments Ltd
511359,AD Manum Finance Ltd
512599,Adani Enterprises Ltd
532921,Adani Ports & Special Economic Zone Ltd
533096,Adani Power Ltd
539254,Adani Transmission Ltd
538563,Adarsh Mercantile Ltd
523411,ADC India Communications Ltd
507852,Addi Industries Ltd
519183,ADF Foods Ltd
539189,Adhbhut Infrastructure Ltd
532727,Adhunik Metaliks Ltd
531592,Adi Rasayan Ltd
532056,Adinath Exim Resources Ltd
514113,Adinath Textiles Ltd
540691,Aditya Birla Capital Ltd
535755,Aditya Birla Fashion & Retail Ltd
532974,Aditya Birla Money Ltd
513513,Aditya Ispat Ltd
539056,Adlabs Entertainment Ltd
530431,Ador Fontech Ltd
523120,Ador Multi Products Ltd
517041,Ador Welding Ltd
521048,Advance Lifestyles Ltd
531047,Advance Powerinfra Tech Ltd
540025,Advanced Enzyme Technologies Ltd
517552,Advanced Micronic Devices Ltd
523269,Advani Hotels & Resorts (India) Ltd
531429,Advent Computer Services Ltd
539773,Advik Capital Ltd
531686,Advik Laboratories Ltd
500003,Aegis Logistics Ltd
531921,Agarwal Industrial Corporation Ltd
500463,AGC Networks Ltd
516020,Agio Paper & Industries Ltd
537292,Agri-Tech (India) Ltd
500215,Agro Tech Foods Ltd
532811,Ahluwalia Contracts (India) Ltd
522273,Ahmedabad Steelcraft Ltd
532806,AI Champdany Industries Ltd
532683,AIA Engineering Ltd
532975,Aishwarya Technologies & Telecom Ltd
532331,Ajanta Pharma Ltd
519216,Ajanta Soya Ltd
511692,Ajcon Global Services Ltd
530713,Ajel Ltd
513349,Ajmera Realty & Infra India Ltd
530621,Akar Tools Ltd
538778,Akashdeep Metal Industries Ltd
539017,Akme Star Housing Finance Ltd
532351,Aksh Optifibre Ltd
524598,AksharChem (India) Ltd
500710,Akzo Nobel India Ltd
539115,Alan Scott Industries Ltd
531082,Alankit Ltd
524075,Albert David Ltd
531409,Alchemist Corporation Ltd
526707,Alchemist Ltd
532114,Alchemist Realty Ltd
506235,Alembic Ltd
533573,Alembic Pharmaceuticals Ltd
530973,Alfa Ica (India) Ltd
531156,Alfavision Overseas Ltd
531147,Alicon Castalloy Ltd
531581,Alka Diamond Industries Ltd
532166,Alka Securities Ltd
533029,Alkali Metals Ltd
539523,Alkem Laboratories Ltd
506767,Alkyl Amines Chemicals Ltd
532480,Allahabad Bank
532749,Allcargo Logistics Ltd
534064,Alliance Integrated Metaliks Ltd
532875,Allied Digital Services Ltd
532633,Allsec Technologies Ltd
531400,Almondz Global Securities Ltd
521070,Alok Industries Ltd
539693,Alora Trading Company Ltd
532878,Alpa Laboratories Ltd
526397,Alphageo (India) Ltd
530715,Alps Industries Ltd
524634,Alufluoride Ltd
506597,Amal Ltd
512008,Amani Trading & Exports Ltd
500008,Amara Raja Batteries Ltd
538465,Amarnath Securities Ltd
531112,Amaze Entertech Ltd
539196,Amba Enterprises Ltd
500009,Ambalal Sarabhai Enterprises Ltd
531978,Ambika Cotton Mills Ltd
500425,Ambuja Cements Ltd
530133,Amco India Ltd
532828,AMD Industries Ltd
513117,Amforge Industries Ltd
506248,Amines & Plasticizers Ltd
531300,Amit International Ltd
531557,Amit Securities Ltd
526241,Amrapali Industries Ltd
507525,Amrit Corp Ltd
590006,Amrutanjan Health Care Ltd
538861,Amsons Apparels Ltd
520077,Amtek Auto Ltd
515055,Anant Raj Ltd
531127,Anar Industries Ltd
532418,Andhra Bank
532141,Andhra Cements Ltd
500012,Andhra Petrochemicals Ltd
590062,Andhra Sugars Ltd
531252,Aneri Fincap Ltd
530721,ANG Industries Ltd
519383,Anik Industries Ltd
531878,Anjani Finance Ltd
511153,Anjani Foods Ltd
518091,Anjani Portland Cement Ltd
531223,Anjani Synthetics Ltd
531673,Anka India Ltd
531519,Ankush Finstock Ltd
530799,Anna Infrastructures Ltd
531406,ANS Industries Ltd
523007,Ansal Buildwell Ltd
507828,Ansal Housing & Construction Ltd
500013,Ansal Properties & Infrastructure Ltd
539697,Anubhav Industrial Resources Ltd
506260,Anuh Pharma Ltd
532259,Apar Industries Ltd
523694,Apcotex Industries Ltd
540692,Apex Frozen Foods Ltd
533758,APL Apollo Tubes Ltd
523537,APM Industries Ltd
512437,Apollo Finvest (India) Ltd
508869,Apollo Hospitals Enterprise Ltd
500877,Apollo Tyres Ltd
500014,Apple Finance Ltd
532475,Aptech Ltd
531364,Aqua Pumps Infra Ventures Ltd
520121,Arcee Industries Ltd
530565,Archana Software Ltd
532994,Archidply Industries Ltd
532212,Archies Ltd
524640,Archit Organosys Ltd
532914,Arcotech Ltd
530261,Arcuttipore Tea Co Ltd
526851,Arex Industries Ltd
539151,Arfin India Ltd
532935,Aries Agro Ltd
511605,Arihant Capital Markets Ltd
531381,Arihant Foundations & Housing Ltd
506194,Arihant Superstructures Ltd
531017,Arihant's Securities Ltd
531179,Arman Financial Services Ltd
532397,Arms Paper Ltd
531467,Arnav Corporation Ltd
537069,Arnold Holdings Ltd
513729,Aro Granite Industries Ltd
531560,Aroma Enterprises (India) Ltd
516064,Arrow Greentech Ltd
533068,Arrow Textiles Ltd
506074,Arshiya Ltd
517481,Artech Power Products Ltd
531297,Artefact Projects Ltd
540616,Artemis Global Life Sciences Ltd
530881,Arunjyoti Bio Ventures Ltd
500101,Arvind Ltd
539301,Arvind SmartSpaces Ltd
530245,Aryaman Financial Services Ltd
515030,Asahi India Glass Ltd
512535,Asahi Infrastructure & Projects Ltd
532853,Asahi Songwon Colors Ltd
535467,Ashapura Intimates Fashion Ltd
527001,Ashapura Minechem Ltd
540024,Ashari Agencies Ltd
519174,Ashiana Agro Industries Ltd
523716,Ashiana Housing Ltd
513401,Ashiana Ispat Ltd
590122,Ashika Credit Capital Ltd
514286,Ashima Ltd
512247,Ashirwad Capital Ltd
526847,Ashirwad Steels & Industries Ltd
530429,Ashish Polyplast Ltd
507872,Ashnoor Textile Mills Ltd
500477,Ashok Leyland Ltd
533271,Ashoka Buildcon Ltd
538777,Asia Capital Ltd
530899,Asia Pack Ltd
532888,Asian Granito India Ltd
533227,Asian Hotels (East) Ltd
500023,Asian Hotels (North) Ltd
533221,Asian Hotels (West) Ltd
530355,Asian Oilfield Services Ltd
500820,Asian Paints Ltd
531847,Asian Star Company Ltd
519532,Asian Tea & Exports Ltd
506159,Asis Logistics Ltd
526433,ASM Technologies Ltd
500024,Assam Company India Ltd
533138,Astec Lifesciences Ltd
532493,Astra Microwave Products Ltd
532830,Astral Poly Technik Ltd
506820,Astrazeneca Pharma India Ltd
532340,Astro Bio Systems Ltd
511144,Asya Infosoft Ltd
530187,Atharv Enterprises Ltd
517429,Athena Global Technologies Ltd
538713,Atishay Ltd
526843,Atlanta Devcon Ltd
532759,Atlanta Ltd
505029,Atlas Cycles (Haryana) Ltd
514394,Atlas Jewellery India Ltd
531795,Atul Auto Ltd
500027,Atul Ltd
540611,AU Small Finance Bank Ltd
532459,Aunde India Ltd
532668,Aurionpro Solutions Ltd
530233,Auro Laboratories Ltd
524804,Aurobindo Pharma Ltd
531336,Auroma Coke Ltd
530885,Aurum Soft Systems Ltd
509009,Ausom Enterprise Ltd
522005,Austin Engineering Company Ltd
539177,Authum Investment & Infrastructure Ltd
532797,Autoline Industries Ltd
500029,Autolite (India) Ltd
505010,Automotive Axles Ltd
520119,Automotive Stampings & Assemblies Ltd
540649,Avadh Sugar & Energy Ltd
531310,Available Finance Ltd
512573,Avanti Feeds Ltd
540376,Avenue Supermarts Ltd
512109,Aviva Industries Ltd
531541,Avon Lifesciences Ltd
511589,Avonmore Capital & Management Services Ltd
519105,AVT Natural Products Ltd
513642,Axel Polymers Ltd
532215,Axis Bank Ltd
532395,AXISCADES Engineering Technologies Ltd
505506,Axon Ventures Ltd
523850,Axtel Industries Ltd
508933,AYM Syntex Ltd
508136,B & A Ltd
532507,B A G Films & Media Ltd
523019,B N Rathi Securities Ltd
526594,B Nanji Enterprises Ltd
506971,B&B Realty Ltd
532719,B.L.Kashyap & Sons Ltd
531268,B2B Software Technologies Ltd
532380,Baba Arts Ltd
524516,Bacil Pharma Ltd
532989,Bafna Pharmaceuticals Ltd
530197,Bagadia Colourchem Ltd
511724,Baid Leasing & Finance Co Ltd
532977,Bajaj Auto Ltd
533229,Bajaj Corp Ltd
500031,Bajaj Electricals Ltd
500034,Bajaj Finance Ltd
532978,Bajaj Finserv Ltd
500032,Bajaj Hindusthan Sugar Ltd
500490,Bajaj Holdings & Investment Ltd
507944,Bajaj Steel Industries Ltd
524824,Bal Pharma Ltd
530999,Balaji Amines Ltd
532382,Balaji Telefilms Ltd
502355,Balkrishna Industries Ltd
539251,Balkrishna Paper Mills Ltd
500102,Ballarpur Industries Ltd
523319,Balmer Lawrie & Company Ltd
532485,Balmer Lawrie Investment Ltd
500038,Balrampur Chini Mills Ltd
519295,Bambino Agro Industries Ltd
526849,Banaras Beads Ltd
500039,Banco Products (India) Ltd
532946,Bang Overseas Ltd
539120,Bangalore Fort Farms Ltd
532134,Bank of Baroda
532149,Bank of India
532525,Bank of Maharashtra
532674,Bannari Amman Spinning Mills Ltd
500041,Bannari Amman Sugars Ltd
503722,Banswara Syntex Ltd
532916,Barak Valley Cements Ltd
532336,Baron Infotech Ltd
532694,Bartronics India Ltd
500042,BASF India Ltd
500043,Bata India Ltd
506285,Bayer CropScience Ltd
517246,BCC Fuba India Ltd
539621,BCL Enterprises Ltd
524332,BCL Industries & Infrastructures Ltd
539447,Beardsell Ltd
533270,Bedmutha Industries Ltd
539546,Beekay Niryat Ltd
539018,Beekay Steel Industries Ltd
532645,Beeyu Overseas Ltd
522650,Bemco Hydraulics Ltd
500048,BEML Ltd
509438,Benares Hotels Ltd
533095,Bengal & Assam Company Ltd
509480,Berger Paints India Ltd
531340,Bervin Investments & Leasing Ltd
524606,Beryl Drugs Ltd
531582,Beryl Securities Ltd
508664,Best Eastern Hotels Ltd
538566,Best Steel Logistics Ltd
512477,Betex India Ltd
533303,BF Investment Ltd
532430,BF Utilities Ltd
539662,BFL Developers Ltd
511664,BGIL Films & Technologies Ltd
532930,BGR Energy Systems Ltd
509449,Bhagawati Oxygen Ltd
530803,Bhageria Industries Ltd
531719,Bhagiradha Chemicals & Industries Ltd
504646,Bhagwati Autocast Ltd
512296,Bhagyanagar India Ltd
540621,Bhagyanagar Properties Ltd
512608,Bhandari Hosiery Exports Ltd
500052,Bhansali Engineering Polymers Ltd
531862,Bharat Agri Fert & Realty Ltd
511501,Bharat Bhushan Finance & Commodity Brokers Ltd
503960,Bharat Bijlee Ltd
500049,Bharat Electronics Ltd
533228,Bharat Financial Inclusion Ltd
500493,Bharat Forge Ltd
505688,Bharat Gears Ltd
500103,Bharat Heavy Electricals Ltd
524663,Bharat Immunological & Biological Corporation Ltd
500547,Bharat Petroleum Corporation Ltd
590021,Bharat Rasayan Ltd
540700,Bharat Road Network Ltd
523229,Bharat Seats Ltd
539799,Bharat Wire Ropes Ltd
532609,Bharati Defence & Infrastructure Ltd
533499,Bharatiya Global Infomedia Ltd
532454,Bharti Airtel Ltd
534816,Bharti Infratel Ltd
526666,Bhartiya International Ltd
514272,Bhilwara Spinners Ltd
533108,Bhilwara Technical Textiles Ltd
500055,Bhushan Steel Ltd
540061,BIGBLOC Construction Ltd
533321,Bil Energy System Ltd
526853,Bilcare Ltd
531590,Bilpower Ltd
500059,Binani Industries Ltd
523054,Binayaka Tex Processors Ltd
514215,Binny Ltd
535620,Binny Mills Ltd
534535,Bio Green Papers Ltd
532523,Biocon Ltd
524396,Biofil Chemicals & Pharmaceuticals Ltd
532330,Biopac India Corporation Ltd
538364,Birdhi Chand Pannalal Agencies Ltd
500060,Birla Cable Ltd
500335,Birla Corporation Ltd
522105,Birla Precision Technologies Ltd
519500,BKV Industries Ltd
514183,Black Rose Industries Ltd
532290,BLB Ltd
506197,Bliss GVS Pharma Ltd
526225,Bloom Dekor Ltd
540073,BLS International Services Ltd
502761,Blue Blends (India) Ltd
531495,Blue Coast Hotels Ltd
526612,Blue Dart Express Ltd
514440,Blue Pearl Texspin Ltd
500067,Blue Star Ltd
506981,Bluechip Tex Industries Ltd
531420,BMB Music & Magnetics Ltd
500069,BNK Capital Markets Ltd
530809,BNR Udyog Ltd
524370,Bodal Chemicals Ltd
501425,Bombay Burmah Trading Corporation Ltd
501430,Bombay Cycle & Motor Agency Ltd
500020,Bombay Dyeing & Manufacturing Company Ltd
532678,Bombay Rayon Fashions Ltd
523133,Bonanza Industries Ltd
506315,Borax Morarji Ltd
500530,Bosch Ltd
500074,BPL Ltd
505690,Brady & Morris Engineering Company Ltd
535693,Brahmaputra Infrastructure Ltd
530207,Brawn Biotech Ltd
530249,Bridge Securities Ltd
532929,Brigade Enterprises Ltd
539434,Brilliant Portfolios Ltd
500825,Britannia Industries Ltd
534731,Bronze Infra-Tech Ltd
533543,Brooks Laboratories Ltd
533276,BS Ltd
532123,BSEL Infrastructure Realty Ltd
514045,BSL Ltd
540006,Bullish Bonds & Holdings Ltd
532931,Burnpur Cement Ltd
517421,Butterfly Gandhimathi Appliances Ltd
532813,C & C Constructions Ltd
507515,C J Gelatine Products Ltd
532321,Cadila Healthcare Ltd
517236,Calcom Vision Ltd
532386,California Software Company Ltd
532801,Cambridge Technology Enterprises Ltd
524440,Camex Ltd
532834,Camlin Fine Sciences Ltd
540071,Camson Seeds Ltd
511196,Can Fin Homes Ltd
532483,Canara Bank
533267,Cantabil Retail India Ltd
539198,Capfin India Ltd
532938,Capital First Ltd
530879,Capital India Finance Ltd
538476,Capital Trade Links Ltd
511505,Capital Trust Ltd
524742,Caplin Point Laboratories Ltd
531595,Capri Global Capital Ltd
512169,Capricorn Systems Global Solutions Ltd
509486,Caprihans India Ltd
507486,Caprolactam Chemicals Ltd
536974,Captain Polyplast Ltd
513375,Carborundum Universal Ltd
534804,CARE Ratings Ltd
533260,Career Point Ltd
530609,Carnation Industries Ltd
532282,Castex Technologies Ltd
500870,Castrol India Ltd
531682,Cat Technologies Ltd
531158,Catvision Ltd
531900,CCL International Ltd
519600,CCL Products (India) Ltd
500878,CEAT Ltd
530789,Ceejay Finance Ltd
514171,Ceeta Industries Ltd
532695,Celebrity Fashions Ltd
532871,Celestial Biolabs Ltd
522251,Cenlub Industries Ltd
531380,Centenial Surgical Suture Ltd
531621,Centerac Technologies Ltd
532885,Central Bank of India
501827,Central Provinces Railways Company Ltd
501150,Centrum Capital Ltd
517544,Centum Electronics Ltd
500280,Century Enka Ltd
500083,Century Extrusions Ltd
532548,Century Plyboards (India) Ltd
500040,Century Textiles & Industries Ltd
532443,Cera Sanitaryware Ltd
532413,Cerebra Integrated Technologies Ltd
500084,CESC Ltd
500093,CG Power & Industrial Solutions Ltd
531489,CG-VAK Software & Exports Ltd
530307,Chamanlal Setia Exports Ltd
512301,Chambal Breweries & Distilleries Ltd
500085,Chambal Fertilisers & Chemicals Ltd
530309,Chandra Prabhu International Ltd
531327,Charms Industries Ltd
511696,Chartered Capital & Investment Ltd
531977,Chartered Logistics Ltd
526917,CHD Developers Ltd
530871,Chembond Chemicals Ltd
506365,Chemo Pharma Laboratories Ltd
539011,Chennai Ferrous Industries Ltd
500110,Chennai Petroleum Corporation Ltd
526817,Cheviot Company Ltd
521244,Chitradurga Spintex Ltd
532992,CHL Ltd
531358,Choice International Ltd
511742,Chokhani Securities Ltd
530427,Choksi Imaging Ltd
526546,Choksi Laboratories Ltd
511243,Cholamandalam Investment & Finance Company Ltd
519475,Chordia Food Products Ltd
501833,Chowgule Steamships Ltd
539335,Chpl Industries Ltd
530191,Chromatic India Ltd
534758,Cigniti Technologies Ltd
533407,CIL Nova Petrochemicals Ltd
530829,Cil Securities Ltd
505230,Cimmco Ltd
531283,Cindrella Financial Services Ltd
526373,Cindrella Hotels Ltd
532807,Cineline India Ltd
530457,Cinerad Communications Ltd
532324,Cinevista Ltd
500087,Cipla Ltd
502445,Citadel Realty & Developers Ltd
531235,CitiPort Financial Services Ltd
538786,Citizen Infoline Ltd
514366,Citizen Yarns Ltd
538674,City Online Services Ltd
532210,City Union Bank Ltd
521210,Cityman Ltd
540403,CL Educate Ltd
506390,Clariant Chemicals (India) Ltd
533288,Claris Lifesciences Ltd
540310,Classic Filament Ltd
538433,Classic Global Finance & Capital Ltd
530839,CLIO Infotech Ltd
500147,CMI FPE Ltd
517330,CMI Ltd
512018,CNI Research Ltd
533278,Coal India Ltd
501831,Coastal Corporation Ltd
508571,Cochin Malabar Estates & Industries Ltd
513353,Cochin Minerals & Rutile Ltd
540678,Cochin Shipyard Ltd
539436,Coffee Day Enterprises Ltd
500830,Colgate-Palmolive (India) Ltd
531210,Colinz Laboratories Ltd
524752,Combat Drugs Ltd
534691,Comfort Commotrade Ltd
535267,Comfort Fincap Ltd
531216,Comfort Intech Ltd
533272,Commercial Engineers & Body Builders Company Ltd
532342,Commex Technology Ltd
531041,Competent Automobiles Ltd
532456,Compuage Infocom Ltd
532339,Compucom Software Ltd
507833,Computer Point Ltd
522231,Conart Engineers Ltd
538965,Concord Drugs Ltd
504340,Confidence Finance & Trading Ltd
526829,Confidence Petroleum India Ltd
532902,Consolidated Construction Consortium Ltd
531344,Container Corporation Of India Ltd
540597,Containerway International Ltd
531067,Contil India Ltd
531460,Continental Controls Ltd
523232,Continental Petroleums Ltd
522295,Control Print Ltd
531556,Coral India Finance & Housing Ltd
524506,Coral Laboratories Ltd
532941,Cords Cable Industries Ltd
506395,Coromandel International Ltd
540199,Corporate Merchant Bankers Ltd
532179,Corporation Bank
530859,Cosboard Industries Ltd
530545,COSCO (India) Ltd
508814,Cosmo Films Ltd
538922,COSYN Ltd
526550,Country Club Hospitality & Holidays Ltd
531624,Country Condo's Ltd
523415,Coventry Coil-O-Matic (Haryana) Ltd
534920,Covidh Technologies Ltd
533144,Cox & Kings Ltd
538770,Crane Infrastructure Ltd
512093,Cranes Software International Ltd
522001,Cranex Ltd
509472,Cravatex Ltd
539527,Creative Castings Ltd
532392,Creative Eye Ltd
539131,Crescent Leasing Ltd
512379,Cressanda Solutions Ltd
511413,Crest Ventures Ltd
526269,Crestchem Ltd
500092,CRISIL Ltd
539876,Crompton Greaves Consumer Electrical Ltd
538521,Crown Tours Ltd
530067,CSL Finance Ltd
526027,Cubex Tubings Ltd
511710,Cubical Financial Services Ltd
500480,Cummins India Ltd
530843,Cupid Ltd
532332,Cura Technologies Ltd
531472,Cybele Industries Ltd
532640,Cyber Media (India) Ltd
532173,Cybertech Systems & Software Ltd
532175,Cyient Ltd
517514,D & H India Ltd
533151,D B Corp Ltd
533160,D B Realty Ltd
523890,D S Kulkarni Developers Ltd
500096,Dabur India Ltd
530825,Daikaffil Chemicals India Ltd
501148,Dalal Street Investments Ltd
533309,Dalmia Bharat Ltd
500097,Dalmia Bharat Sugar & Industries Ltd
521220,Damodar Industries Ltd
532329,Danlaw Technologies India Ltd
539770,Darjeeling Ropeway Company Ltd
532528,Datamatics Global Services Ltd
526443,Datasoft Applications Software (India) Ltd
530171,Daulat Securities Ltd
532772,DCB Bank Ltd
511611,DCM Financial Services Ltd
502820,DCM Ltd
523367,DCM Shriram Ltd
500117,DCW Ltd
590031,DE Nora India Ltd
505703,Deccan Bearings Ltd
502137,Deccan Cements Ltd
512068,Deccan Gold Mines Ltd
531989,Deccan Polypacks Ltd
539405,Decorous Investment And Trading Co Ltd
539559,Deep Diamond India Ltd
532760,Deep Industries Ltd
500645,Deepak Fertilizers & Petrochemicals Corp Ltd
506401,Deepak Nitrite Ltd
539455,Deepti Alloy Steel Ltd
532848,Delta Corp Ltd
539596,Delta Industrial Resources Ltd
535486,Delta Leasing & Finance Ltd
504286,Delta Magnets Ltd
504240,Delton Cables Ltd
533137,Den Networks Ltd
532121,Dena Bank
537536,Denis Chem Lab Ltd
531585,Devine Impex Ltd
511072,Dewan Housing Finance Corporation Ltd
519588,DFM Foods Ltd
538715,Dhabriya Polywood Ltd
500119,Dhampur Sugar Mills Ltd
531923,Dhampure Speciality Sugars Ltd
531198,Dhanada Corporation Ltd
521216,Dhanalaxmi Roto Spinners Ltd
532180,Dhanlaxmi Bank Ltd
521151,Dhanlaxmi Fabrics Ltd
503637,Dhanleela Investments & Trading Company Ltd
507717,Dhanuka Agritech Ltd
531043,Dhanvantri Jeevan Rekha Ltd
540268,Dhanvarsha Finvest Ltd
506405,Dharamsi Morarji Chemicals Co Ltd
511451,Dharani Finance Ltd
507442,Dharani Sugars & Chemicals Ltd
501945,Dhenu Buildcon Infra Ltd
526971,Dhoot Industrial Finance Ltd
531306,DHP India Ltd
507886,Dhruv Estates Ltd
533336,Dhunseri Investments Ltd
523736,Dhunseri Petrochem Ltd
538902,Dhunseri Tea & Industries Ltd
508860,Diamant Infrastructure Ltd
500120,Diamines & Chemicals  Ltd
530801,Diamond Infosystems Ltd
522163,Diamond Power Infrastructure Ltd
530959,Diana Tea Company Ltd
500089,DIC India Ltd
539979,Digjam Ltd
506414,DIL Ltd
531153,Diligent Industries Ltd
540047,Dilip Buildcon Ltd
526927,Dion Global Solutions Ltd
532839,Dish TV India Ltd
531553,Disha Resources Ltd
538432,Divinus Fabrics Ltd
532488,Divi's Laboratories Ltd
526285,Divya Jyoti Industries Ltd
526315,Divyashakti Granites Ltd
540699,Dixon Technologies (India) Ltd
532868,DLF Ltd
533146,D-Link India Ltd
531367,Dollex Industries Ltd
526504,Dolphin Medical Services Ltd
522261,Dolphin Offshore Enterprises (India) Ltd
512519,Donear Industries Ltd
533176,DQ Entertainment International Ltd
526783,Dr Agarwal's Eye Hospital Ltd
539524,Dr Lal Pathlabs Ltd
500124,Dr Reddy's Laboratories Ltd
523618,Dredging Corporation of India Ltd
534674,Ducon Infratechnologies Ltd
531471,Duke Offshore Ltd
504908,Duncan Engineering Ltd
539786,Dune Mercantile Ltd
526355,Duropack Ltd
517437,Dutron Polymers Ltd
532610,Dwarikesh Sugar Industries Ltd
540361,Dwekam Industries Ltd
532365,Dynacons Systems & Solutions Ltd
505242,Dynamatic Technologies Ltd
524818,Dynamic Industries Ltd
530779,Dynamic Portfolio Management & Services Ltd
532707,Dynemic Products Ltd
531533,E.Com Infotech (India) Ltd
590080,Eastern Gases Ltd
590022,Eastern Silk Industries Ltd
531346,Eastern Treads Ltd
532751,Easun Reyrolle Ltd
532927,eClerx Services Ltd
530643,Eco Recycling Ltd
523732,Ecoboard Industries Ltd
538708,Econo Trade India Ltd
526703,Ecoplast Ltd
540063,ECS Biztech Ltd
532922,Edelweiss Financial Services Ltd
532696,Educomp Solutions Ltd
526483,Eduexel Infotainment Ltd
535694,eDynamics Solutions Ltd
505200,Eicher Motors Ltd
500125,EID Parry (India) Ltd
523127,EIH Associated Hotels Ltd
500840,EIH Ltd
523708,Eimco Elecon (India) Ltd
530581,Ekam Leasing And Finance Co Ltd
532820,E-Land Apparel Ltd
513452,Elango Industries Ltd
500123,Elantas Beck India Ltd
523329,Eldeco Housing & Industries Ltd
505700,Elecon Engineering Company Ltd
500128,Electrosteel Castings Ltd
533264,Electrosteel Steels Ltd
526608,Electrotherm (India) Ltd
526705,Elegant Marbles and Grani Industries Ltd
522074,Elgi Equipments Ltd
517477,Elnet Technologies Ltd
504000,Elpro International Ltd
522027,EMA India Ltd
533218,Emami Infrastructure Ltd
531162,Emami Ltd
533208,Emami Paper Mills Ltd
504008,EMCO Ltd
524588,Emed.com Technologies Ltd
538882,Emerald Leasing Finance And Investment Co Ltd
507265,Emerald Leisures Ltd
506180,Emergent Energy & Services Ltd
532737,Emkay Global Financial Services Ltd
533161,Emmbi Industries Ltd
524768,Emmessar Biotech & Nutrition Ltd
532038,Emmsons International Ltd
532920,Empee Distilleries Ltd
500132,Empee Sugars & Chemicals Ltd
509525,Empire Industries Ltd
512441,Enbee Trade & Finance Ltd
540153,Endurance Technologies Ltd
532219,Energy Development Company Ltd
532178,Engineers India Ltd
533477,Enkei Wheels India Ltd
512369,Ennore Coke Ltd
512135,Ensa Steel Industries Ltd
526574,Enterprise International Ltd
532700,Entertainment Network (India) Ltd
532658,Eon Electric Ltd
523754,EPC Industrie Ltd
531155,Epsom Properties Ltd
539844,Equitas Holdings Ltd
540596,ERIS Lifesciences Ltd
533261,Eros International Media Ltd
531502,Esaar (India) Ltd
500133,Esab India Ltd
500495,Escorts Ltd
531259,Esha Media Research Ltd
532787,Ess Dee Aluminium Ltd
533149,Essar Securities Ltd
533704,Essar Shipping Ltd
500135,Essel Propack Ltd
500136,Ester Industries Ltd
537707,ETT Ltd
532823,Euro Ceramics Ltd
526468,Euro Leder Fashion Ltd
533109,Euro Multivision Ltd
521014,Eurotex Industries and Exports Ltd
531508,Eveready Industries India Ltd
508906,Everest Industries Ltd
532684,Everest Kanto Cylinder Ltd
524790,Everest Organics Ltd
526735,Excel Castronics Ltd
532511,Excel Crop Care Ltd
500650,Excel Industries Ltd
533090,Excel Realty N Infra Ltd
500086,Exide Industries Ltd
530571,Explicit Finance Ltd
526614,Expo Gas Containers Ltd
532656,Facor Alloys Ltd
530117,Fairchem Speciality Ltd
514474,Fairdeal Filaments Ltd
531599,FDC Ltd
500139,Fedders Electric & Engineering Ltd
500469,Federal Bank Ltd
505744,Federal-Mogul Goetze (India) Ltd
526689,Fenoplast Ltd
590024,Fertilizers & Chemicals Travancore Ltd
533896,Fervent Synergies Ltd
507910,Fiberweb (India) Ltd
532768,Fiem Industries Ltd
532022,Filatex Fashions Ltd
526227,Filatex India Ltd
531191,Filtron Engineers Ltd
517264,Fine Line Circuits Ltd
533333,Fineotex Chemical Ltd
500144,Finolex Cables Ltd
500940,Finolex Industries Ltd
511122,First Custodian Fund(I) Ltd
532379,Firstobject Technologies Ltd
532809,Firstsource Solutions Ltd
524743,Fischer Chemic Ltd
536751,Five X Tradecom Ltd
523672,Flex Foods Ltd
533638,Flexituff International Ltd
540267,Flora Corporation Ltd
532518,Florence Investech Ltd
522017,Fluidomat Ltd
503831,Fomento Resorts & Hotels Ltd
507552,Foods & Inns Ltd
502865,Forbes & Company Ltd
500033,Force Motors Ltd
532843,Fortis Healthcare Ltd
523696,Fortis Malar Hospitals Ltd
530023,Fortune Financial Services (India) Ltd
500150,Foseco India Ltd
513579,Foundry Fuel Products Ltd
532403,Fourth Generation Information Systems Ltd
540190,Franklin Industries Ltd
539730,Fredun Pharmaceuticals Ltd
530077,Freshtrop Fruits Ltd
522195,Frontier Springs Ltd
532042,Frontline Corporation Ltd
533213,Frontline Securities Ltd
538568,Fruition Venture Ltd
539169,Funny Software Ltd
533400,Future Consumer Ltd
523574,Future Enterprises Ltd
536507,Future Lifestyle Fashions Ltd
533296,Future Market Networks Ltd
540064,Future Retail Ltd
523113,Futuristic Securities Ltd
534063,Futuristic Solutions Ltd
505250,G G Dandekar Machine Works Ltd
531758,G K Consultants Ltd
507488,G M Breweries Ltd
513059,G S Auto International Ltd
523277,G V Films Ltd
505714,Gabriel India Ltd
531196,Gagan Polycot India Ltd
532155,GAIL (India) Ltd
505711,Gajra Bevel Gears Ltd
538881,Galada Finance Ltd
531911,Galaxy Agrico Exports Ltd
509550,Gammon India Ltd
532959,Gammon Infrastructure Projects Ltd
513108,Gandhi Special Tubes Ltd
500153,Ganesh Benzoplast Ltd
526367,Ganesh Housing Corporation Ltd
514167,Ganesha Ecosphere Ltd
540647,Ganges Securities Ltd
521176,Gangotri Textiles Ltd
500155,Garden Silk Mills Ltd
530615,Garg Furnace Ltd
526727,Garnet Construction Ltd
512493,Garnet International Ltd
509563,Garware Marine Industries Ltd
500655,Garware Polyester Ltd
514400,Garware Synthetics Ltd
509557,Garware-Wall Ropes Ltd
532622,Gateway Distriparks Ltd
532345,Gati Ltd
539515,Gaurav Mercantiles Ltd
524564,Gayatri BioOrganics Ltd
532767,Gayatri Projects Ltd
532183,Gayatri Sugars Ltd
539009,GBL Industries Ltd
532309,GE Power India Ltd
522275,GE T&D India Ltd
504028,GEE Ltd
532764,Geecee Ventures Ltd
539486,Geetanjali Credit and Capital Ltd
532318,Gemini Communication Ltd
539407,Generic Engineering Construction & Projects Ltd
506109,Genesys International Corporation Ltd
531739,Gennex Laboratories Ltd
538961,Genus Paper & Boards Ltd
530343,Genus Power Infrastructures Ltd
532425,Genus Prime Infra Ltd
532285,Geojit Financial Services Ltd
531055,GFL Financials India Ltd
500171,GHCL Ltd
533048,GI Engineering Solutions Ltd
511676,GIC Housing Finance Ltd
538788,Gilada Finance & Investments Ltd
532716,Gillanders Arbuthnot & Company Ltd
507815,Gillette India Ltd
531744,Gini Silk Mills Ltd
590025,Ginni Filaments Ltd
539013,Gita Renewable Energy Ltd
532715,Gitanjali Gems Ltd
500676,GlaxoSmithkline Consumer Healthcare Ltd
500660,Glaxosmithkline Pharmaceuticals Ltd
532296,Glenmark Pharmaceuticals Ltd
513528,Glittek Granites Ltd
530263,Global Capital Market & Infrastructures Ltd
531463,Global Infratech & Finance Ltd
531479,Global Land Masters Corporation Ltd
501848,Global Offshore Services Ltd
532773,Global Vectra Helicorp Ltd
540266,Globe Commercials Ltd
533104,Globus Spirits Ltd
538595,Gloster Ltd
505255,GMM Pfaudler Ltd
532754,GMR Infrastructure Ltd
540124,GNA Axles Ltd
509567,Goa Carbon Ltd
506480,GOCL Corporation Ltd
530317,Godavari Drugs Ltd
532734,Godawari Power & Ispat Ltd
500163,Godfrey Phillips India Ltd
540743,Godrej Agrovet Ltd
532424,Godrej Consumer Products Ltd
500164,Godrej Industries Ltd
533150,Godrej Properties Ltd
533189,Goenka Diamond & Jewels Ltd
531600,Gogia Capital Services Ltd
532957,Gokak Textiles Ltd
532630,Gokaldas Exports Ltd
539725,Gokul Agro Resources Ltd
532980,Gokul Refoils and Solvent Ltd
538542,Goldcoin Health Foods Ltd
531928,Golden Carpets Ltd
530579,Golden Goenka Fincorp Ltd
526729,Goldiam International Ltd
532439,Goldstone Infratech Ltd
531439,Goldstone Technologies Ltd
531360,Golechha Global Finance Ltd
513309,Golkonda Aluminium Extrusions Ltd
523676,Golkunda Diamonds & Jewellery Ltd
504701,Gontermann Peiper (India) Ltd
530655,Goodluck India Ltd
500166,Goodricke Group Ltd
500168,Goodyear India Ltd
531913,Gopal Iron & Steels Co.(Gujarat) Ltd
526717,Gopala Polyplast Ltd
531608,Gorani Industries Ltd
509148,Govind Rubber Ltd
530709,Gowra Leasing & Finance Ltd
532543,GP Petroleums Ltd
533761,GPT Infraprojects Ltd
539235,Grandeur Products Ltd
532482,Granules India Ltd
509488,Graphite India Ltd
500300,Grasim Industries Ltd
526751,Gratex Industries Ltd
505710,Grauer & Weil (India) Ltd
509546,Graviss Hospitality Ltd
533282,Gravita India Ltd
532015,Gravity (India) Ltd
500620,Great Eastern Shipping Company Ltd
501455,Greaves Cotton Ltd
531737,Greencrest Financial Services Ltd
538979,Greenlam Industries Ltd
526797,Greenply Industries Ltd
508918,Greycells Education Ltd
506076,Grindwell Norton Ltd
531449,GRM Overseas Ltd
509152,GRP Ltd
511288,GRUH Finance Ltd
511543,GSB Finance Ltd
532951,GSS Infotech Ltd
532139,G-Tech Info Training Ltd
532775,GTL Infrastructure Ltd
500160,GTL Ltd
500170,GTN Industries Ltd
532744,GTN Textiles Ltd
540602,GTPL Hathway Ltd
539479,GTV Engineering Ltd
509079,Gufic BioSciences Ltd
530001,Gujarat Alkalies & Chemicals Ltd
524226,Gujarat Ambuja Exports Ltd
522217,Gujarat Apollo Industries Ltd
505712,Gujarat Automotive Gears Ltd
523768,Gujarat Borosil Ltd
526965,Gujarat Craft Industries Ltd
500173,Gujarat Fluorochemicals Ltd
531410,Gujarat Foils Ltd
539336,Gujarat Gas Ltd
507960,Gujarat Hotels Ltd
517300,Gujarat Industries Power Co Ltd
517372,Gujarat Intrux Ltd
531341,Gujarat Investa Ltd
500174,Gujarat Lease Financing Ltd
524754,Gujarat Meditech Ltd
531881,Gujarat Metallic Coal & Coke Ltd
532181,Gujarat Mineral Development Corporation Ltd
500670,Gujarat Narmada Valley Fertilizers & Chemicals Ltd
513536,Gujarat Natural Resources Ltd
512579,Gujarat NRE Coke Ltd
506858,Gujarat Petrosynthese Ltd
533248,Gujarat Pipavav Port Ltd
518029,Gujarat Sidhee Cement Ltd
500690,Gujarat State Fertilizers & Chemicals Ltd
532702,Gujarat State Petronet Ltd
524314,Gujarat Terce Laboratories Ltd
513337,Gujarat Toolroom Ltd
506640,Gujchem Distillers India Ltd
538567,Gulf Oil Lubricants India Ltd
532457,Gulshan Polyols Ltd
514116,Gupta Synthetics Ltd
532708,GVK Power & Infrastructure Ltd
533275,Gyscoal Alloys Ltd
502873,H P Cotton Textile Mills Ltd
532662,H T Media Ltd
532145,H. S. India Ltd
515147,Haldyn Glass Ltd
532770,Hanung Toys and Textiles Ltd
509597,Hardcastle & Waud Mfg Co Ltd
538081,Haria Apparels Ltd
590043,Harita Seating Systems Ltd
526931,Hariyana Ship Breakers Ltd
530055,Harmony Capital Services Ltd
500467,Harrisons Malayalam Ltd
532855,Haryana Capfin Ltd
524080,Haryana Leather Chemicals Ltd
531387,Hasti Finance Ltd
509073,Hathway Bhawani Cabletel & Datacom Ltd
533162,Hathway Cable & Datacom Ltd
531531,Hatsun Agro Product Ltd
517354,Havells India Ltd
539176,Hawa Engineers Ltd
508486,Hawkins Cooker Ltd
508956,HB Leasing & Finance Co Ltd
532333,HB Portfolio Ltd
532216,HB Stockholdings Ltd
517271,HBL Power Systems Ltd
539224,HCKK Ventures Ltd
500179,HCL Infosystems Ltd
532281,HCL Technologies Ltd
500180,HDFC Bank Ltd
540777,HDFC Standard Life Insurance Company Ltd
539787,Healthcare Global Enterprises Ltd
533525,Healthfore Technologies Ltd
526967,Heera Ispat Ltd
509631,HEG Ltd
500292,HeidelbergCement India Ltd
531178,Hemang Resources Ltd
524590,Hemo Organic Ltd
505720,Hercules Hoists Ltd
519552,Heritage Foods Ltd
500182,Hero MotoCorp Ltd
524669,Hester Biosciences Ltd
534328,Hexa Tradex Ltd
532129,Hexaware Technologies Ltd
504176,High Energy Batteries (India) Ltd
517080,High Ground Enterprise Ltd
531301,High Street Filatex Ltd
524735,Hikal Ltd
509675,Hil Ltd
532847,Hilton Metal Forging Ltd
514010,Himachal Fibres Ltd
500183,Himachal Futuristic Communications Ltd
500184,Himadri Speciality Chemical Ltd
526899,Himalya International Ltd
514043,Himatsingka Seide Ltd
531979,Hind Aluminium Industries Ltd
504036,Hind Rectifiers Ltd
503881,Hind Syntex Ltd
500440,Hindalco Industries Ltd
509895,Hindoostan Mills Ltd
532859,Hinduja Global Solutions Ltd
500189,Hinduja Ventures Ltd
514428,Hindustan Adhesives Ltd
532041,Hindustan Bio Sciences Ltd
509635,Hindustan Composites Ltd
500185,Hindustan Construction Company Ltd
513599,Hindustan Copper Ltd
519126,Hindustan Foods Ltd
505893,Hindustan Hardy Spicer Ltd
533217,Hindustan Media Ventures Ltd
500500,Hindustan Motors Ltd
500186,Hindustan Oil Exploration Company Ltd
500104,Hindustan Petroleum Corporation Ltd
500696,Hindustan Unilever Ltd
504713,Hindustan Wires Ltd
500188,Hindustan Zinc Ltd
515145,Hindusthan National Glass & Industries Ltd
539984,Hindusthan Urban Infrastructure Ltd
530853,Hipolin Ltd
590018,Hisar Metal Industries Ltd
532359,Hit Kit Global Solutions Ltd
526217,Hitech Corporation Ltd
500191,HMT Ltd
522064,Honda Siel Power Products Ltd
517174,Honeywell Automation India Ltd
500193,Hotel Leela Venture Ltd
526683,Hotel Rugby Ltd
540530,Housing & Urban Development Corporation Ltd
532873,Housing Development & Infrastructure Ltd
500010,Housing Development Finance Corporation Ltd
532761,HOV Services Ltd
526761,Howard Hotels Ltd
540136,HPL Electric & Power Ltd
500187,HSIL Ltd
532799,Hubtown Ltd
509820,Huhtamaki PPL Ltd
539724,Hypersoft Technologies Ltd
500199,I G Petrochemicals Ltd
512405,I Power Solutions India Ltd
519463,IB Infotech Enterprises Ltd
532174,ICICI Bank Ltd
540716,ICICI Lombard General Insurance Company Ltd
540133,ICICI Prudential Life Insurance Company Ltd
532835,ICRA Ltd
531524,ICSA (India) Ltd
500116,IDBI Bank Ltd
532822,Idea Cellular Ltd
539437,IDFC Bank Ltd
532659,IDFC Ltd
531840,IEC Education Ltd
507438,IFB Agro Industries Ltd
505726,IFB Industries Ltd
500106,IFCI Ltd
522289,IFM Impex Global Ltd
517380,Igarashi Motors India Ltd
539449,IGC Foils Ltd
532636,IIFL Holdings Ltd
531968,IITL Projects Ltd
514238,IKAB Securities & Investment Ltd
532907,IL&FS Engineering & Construction Co Ltd
511208,IL&FS Investment Managers Ltd
533177,IL&FS Transportation Networks Ltd
511628,IM+ Capitals Ltd
517571,IMP Powers Ltd
531129,Inani Marbles & Industries Ltd
531672,Inani Securities Ltd
521167,Inanna Fashion and Trends Ltd
517370,Incap Ltd
538541,Inceptum Enterprises Ltd
531594,Incon Engineers Ltd
509162,Indag Rubber Ltd
511473,Indbank Merchant Banking Services Ltd
531505,Indergiri Finance Ltd
511355,India Cements Capital Ltd
530005,India Cements Ltd
531253,India Gelatine & Chemicals Ltd
500201,India Glycols Ltd
531343,India Infraspace Ltd
590065,India Motor Parts & Accessories Ltd
532240,India Nippon Electricals Ltd
513361,India Steel Works Ltd
532189,India Tourism Development Corporation Ltd
535789,Indiabulls Housing Finance Ltd
532832,Indiabulls Real Estate Ltd
532960,Indiabulls Ventures Ltd
514165,Indian Acrylics Ltd
532814,Indian Bank
509692,Indian Card Clothing Company Ltd
524614,Indian Extraction Ltd
500850,Indian Hotels Co Ltd
504741,Indian Hume Pipe Company Ltd
533047,Indian Metals & Ferro Alloys Ltd
530965,Indian Oil Corporation Ltd
532388,Indian Overseas Bank
533329,Indian Terrain Fashions Ltd
523586,Indian Toners & Developers Ltd
532745,Inditrade Capital Ltd
524648,Indo Amines Ltd
530747,Indo Asia Finance Ltd
524342,Indo Borax & Chemicals Ltd
538838,Indo Cotspin Ltd
521016,Indo Count Industries Ltd
526887,Indo Credit Capital Ltd
504058,Indo National Ltd
500207,Indo Rama Synthetics (India) Ltd
532717,Indo Tech Transformers Ltd
533676,Indo Thai Securities Ltd
532100,Indo-City Infotech Ltd
532612,Indoco Remedies Ltd
539433,Indo-Global Enterprises Ltd
533257,Indosolar Ltd
532894,Indowind Energy Ltd
532514,Indraprastha Gas Ltd
532150,Indraprastha Medical Corporation Ltd
526445,Indrayani Biotech Ltd
522165,Indsil Hydro Power & Manganese Ltd
532305,Ind-Swift Laboratories Ltd
524652,Ind-Swift Ltd
532001,Inducto Steel Ltd
531841,Indus Finance Ltd
532187,IndusInd Bank Ltd
501298,Industrial & Prudential Investment Company Ltd
501295,Industrial Investment Trust Ltd
506222,INEOS Styrolution India Ltd
539807,Infibeam Incorporation Ltd
533154,Infinite Computer Solutions India Ltd
532777,Info Edge (India) Ltd
504810,Informed Technologies India Ltd
500209,Infosys Ltd
530777,Infra Industries Ltd
537985,Infronics Systems Ltd
500210,Ingersoll-Rand (India) Ltd
531929,Innocorp Ltd
533315,Innovassynth Investments Ltd
517433,Innovation Software Exports Ltd
523840,Innovative Tech Pack Ltd
532706,Inox Leisure Ltd
539083,Inox Wind Ltd
532851,Insecticides India Ltd
500211,Insilco Ltd
526871,Intec Capital Ltd
531314,Integra Capital Management Ltd
535958,Integra Garments & Textiles Ltd
536868,Integra Telecommunication & Software Ltd
539149,Integrated Capital Services Ltd
500212,Integrated Financial Services Ltd
531889,Integrated Technologies Ltd
538835,Intellect Design Arena Ltd
534732,Intellivate Capital Advisors Ltd
506134,Intellivate Capital Ventures Ltd
532326,Intense Technologies Ltd
511391,Inter Globe Finance Ltd
530259,Inter State Oil Carrier Ltd
539692,Interactive Financial Services Ltd
539448,Interglobe Aviation Ltd
505737,International Combustion (India) Ltd
509709,International Conveyors Ltd
517044,International Data Management Ltd
502330,International Paper APPM Ltd
500213,International Travel House Ltd
533181,Intrasoft Technologies Ltd
533506,Inventure Growth & Securities Ltd
504786,Investment & Precision Castings Ltd
523844,Invicta Meditek Ltd
523752,IO System Ltd
524164,IOL Chemicals & Pharmaceuticals Ltd
500214,Ion Exchange (India) Ltd
524494,Ipca Laboratories Ltd
532947,IRB Infrastructure Developers Ltd
531337,Iris Mediaworks Ltd
526859,ISF Ltd
533033,ISGEC Heavy Engineering  Ltd
540134,Ishaan Infrastructure & Shelters Ltd
531109,Ishan Dyes & chemicals Ltd
524400,Ishita Drugs & Industries Ltd
511609,ISL Consulting Ltd
532479,ISMT Ltd
508807,IST Ltd
500875,ITC Ltd
509496,ITD Cementation India Ltd
523610,ITI Ltd
522183,ITL Industries Ltd
507580,IVP Ltd
530773,IVRCL Ltd
522245,Iykot Hitech Toolroom Ltd
532341,IZMO Ltd
506943,J B Chemicals & Pharmaceuticals Ltd
530049,J J Exporters Ltd
523062,J J Finance Corporation Ltd
532644,J K Cements Ltd
506522,J L Morison (India) Ltd
538539,J Taparia Projects Ltd
530711,Jagan Lamps Ltd
532705,Jagran Prakashan Ltd
530601,Jagsonpal Finance & Leasing Ltd
507789,Jagsonpal Pharmaceuticals Ltd
532976,Jai Balaji Industries Ltd
512237,Jai Corp Ltd
531339,Jaihind Projects Ltd
514312,Jaihind Synthetics Ltd
500219,Jain Irrigation Systems Ltd
532033,Jain Studios Ltd
526865,Jainco Projects (India) Ltd
505212,Jainex Aamcol Ltd
505840,Jaipan Industries Ltd
532532,Jaiprakash Associates Ltd
532627,Jaiprakash Power Ventures Ltd
526558,James Hotels Ltd
538564,James Warren Tea Ltd
532209,Jammu and Kashmir Bank Ltd
520051,Jamna Auto Industries Ltd
526001,Jauss Polymers Ltd
520066,Jay Bharat Maruti Ltd
590132,Jay Mahesh Infraventures Ltd
509715,Jay Shree Tea & Industries Ltd
513252,Jay Ushin Ltd
524330,Jayant Agro Organics Ltd
522285,Jayaswal Neco Industries Ltd
512233,Jaybharat Textiles & Real Estate Ltd
533207,Jaypee Infratech Ltd
506520,Jayshree Chemicals Ltd
514034,JBF Industries Ltd
532605,JBM Auto Ltd
500223,JCT Ltd
538837,Jeevan Scientific Technology Ltd
524731,Jenburkt Pharmaceuticals Ltd
523592,Jenson & Nicholson (India) Ltd
532617,Jet Airways (India) Ltd
517063,Jetking Infotrain Ltd
531550,Jhaveri Credits & Capital Ltd
532771,JHS Svendgaard Laboratories Ltd
530405,Jindal Capital Ltd
533103,Jindal Cotex Ltd
511034,Jindal Drilling & Industries Ltd
507981,Jindal Hotels Ltd
539947,Jindal Leasefin Ltd
532624,Jindal Photo Ltd
500227,Jindal Poly Films Ltd
536773,Jindal Poly Investment & Finance Company Ltd
500378,Jindal Saw Ltd
539597,Jindal Stainless (Hisar) Ltd
532508,Jindal Stainless Ltd
532286,Jindal Steel & Power Ltd
531543,Jindal Worldwide Ltd
540311,JITF Infra Logistics Ltd
536493,JK Agri Genetics Ltd
500380,JK Lakshmi Cement Ltd
532162,JK Paper Ltd
530007,JK Tyre & Industries Ltd
523405,JM Financial Ltd
522263,JMC Projects (India) Ltd
511092,JMD Ventures Ltd
513691,JMT Auto Ltd
523398,Johnson Controls-Hitachi Air Condition. India Ltd
531861,Joindre Capital Services Ltd
538092,Joonktolle Tea & Industries Ltd
530985,JPT Securities Ltd
506016,JRI Industries & Infrastructure Ltd
504080,JSL Industries Ltd
533148,JSW Energy Ltd
532642,JSW Holdings Ltd
500228,JSW Steel Ltd
534600,JTL Infra Ltd
533155,Jubilant Foodworks Ltd
533320,Jubilant Industries Ltd
530019,Jubilant Life Sciences Ltd
534623,Jupiter Infomedia Ltd
535648,Just Dial Ltd
519248,JVL Agro Industries Ltd
532926,Jyothy Laboratories Ltd
504076,Jyoti Ltd
523876,Jyoti Overseas Ltd
513250,Jyoti Structures Ltd
590066,K C P Ltd
532714,K E C International Ltd
500239,K G Denim Ltd
503669,K K Fincorp Ltd
532889,K P R Mill Ltd
511728,K Z Leasing & Finance Ltd
524322,Kabra Drugs Ltd
524109,Kabra Extrusion Technik Ltd
524675,Kabsons Industries Ltd
531778,Kachchh Minerals Ltd
504840,Kaira Can Company Ltd
531780,Kaiser Corporation Ltd
500233,Kajaria Ceramics Ltd
500234,Kakatiya Cement Sugar & Industries Ltd
521054,Kakatiya Textiles Ltd
530201,Kallam Spinning Mills Ltd
539014,Kalpa Commercial Ltd
522287,Kalpataru Power Transmission Ltd
513509,Kalyani Forge Ltd
533302,Kalyani Investment Company Ltd
500235,Kalyani Steels Ltd
532468,Kama Holdings Ltd
514322,Kamadgiri Fashion Ltd
511131,Kamanwala Housing Construction Ltd
526668,Kamat Hotels (India) Ltd
532741,Kamdhenu Ltd
506184,Kanani Industries Ltd
538896,Kanchi Karpooram Ltd
590084,Kanco Enterprises Ltd
590130,Kanco Tea & Industries Ltd
513456,Kanishk Steel Industries Ltd
506525,Kanoria Chemicals & Industries Ltd
507779,Kanpur Plastipack Ltd
500165,Kansai Nerolac Paints Ltd
512399,Kapashi Commercial Ltd
539679,Kapil Raj Finance Ltd
533451,Karma Energy Ltd
532652,Karnataka Bank Ltd
538928,Karnavati Finance Ltd
590003,Karur Vysya Bank Ltd
531687,Karuturi Global Ltd
502933,Katare Spinning Mills Ltd
532899,Kaveri Seed Company Ltd
524444,Kavit Industries Ltd
535136,Kavita Fabrics Ltd
590041,Kavveri Telecom Products Ltd
530255,Kay Power & Paper Ltd
539276,Kaya Ltd
504084,Kaycee Industries Ltd
530357,KBS India Ltd
526067,KCCL Plastic Ltd
531784,KCL Infra Projects Ltd
533192,KCP Sugar & Industries Corporation Ltd
532054,KDDL Ltd
530701,KDJ Holidayscapes & Resorts Ltd
518011,Keerthi Industries Ltd
517569,KEI Industries Ltd
519602,Kellton Tech Solutions Ltd
506528,Keltech Energies Ltd
505890,Kennametal India Ltd
530163,Kerala Ayurveda Ltd
532686,Kernex Microsystems (India) Ltd
507180,Kesar Enterprises Ltd
524174,Kesar Petroproducts Ltd
533289,Kesar Terminals & Infrastructure Ltd
502937,Kesoram Industries Ltd
532732,Kewal Kiran Clothing Ltd
507948,Key Corp Ltd
512597,Keynote Corporate Services Ltd
531609,KG Petrochem Ltd
590068,Khaitan (India) Ltd
507794,Khaitan Chemicals & Fertilizers Ltd
504269,Khaitan Electricals Ltd
531892,Khandwala Securities Ltd
521127,Khator Fibre & Fabrics Ltd
507435,Khoday India Ltd
513693,KIC Metaliks Ltd
507946,Kiduja India Ltd
535566,KIFS Financial Services Ltd
524699,Kilburn Chemicals Ltd
524500,Kilitch Drugs (India) Ltd
500240,Kinetic Engineering Ltd
531274,Kinetic Trust Ltd
524019,Kingfa Science & Technology (India) Ltd
530215,Kings Infra Ventures Ltd
512329,Kintech Renewables Ltd
540680,KIOCL Ltd
531413,Kiran Print Pack Ltd
530443,Kiran Syntex Ltd
537750,Kiran Vyapar Ltd
532967,Kiri Industries Ltd
500241,Kirloskar Brothers Ltd
533193,Kirloskar Electric Company Ltd
500245,Kirloskar Ferrous Industries Ltd
500243,Kirloskar Industries Ltd
533293,Kirloskar Oil Engines Ltd
505283,Kirloskar Pneumatic Company Ltd
530145,Kisan Mouldings Ltd
521248,Kitex Garments Ltd
532304,KJMC Corporate Advisors (India) Ltd
526409,KKalpana Industries (India) Ltd
523652,Kkalpana Plastick Ltd
530771,KLG Capital Services Ltd
517170,KLK Electrical Ltd
532673,KM Sugar Mills Ltd
524520,KMC Speciality Hospitals (India) Ltd
531578,KMF Builders & Developers Ltd
532942,KNR Constructions Ltd
512559,Kohinoor Foods Ltd
523207,Kokuyo Camlin Ltd
532924,Kolte Patil Developers Ltd
514128,Konark Synthetic Ltd
524280,Kopran Ltd
500247,Kotak Mahindra Bank Ltd
507474,Kothari Fermentation & Biochem Ltd
530299,Kothari Products Ltd
511138,Kothari World Finance Ltd
539599,Kotia Enterprises Ltd
532400,KPIT Technologies Ltd
530813,KRBL Ltd
524518,Krebs Biochemicals & Industries Ltd
530139,Kreon Finnancial Services Ltd
533482,Kridhan Infra Ltd
539384,Krishna Capital & Securities Ltd
504392,Krishna Ventures Ltd
533210,Kriti Nutrients Ltd
523550,Krypton Industries Ltd
500249,KSB Pumps Ltd
532997,KSK Energy Ventures Ltd
530149,KSL and Industries Ltd
532937,Kuantum Papers Ltd
539408,Kuber Udyog Ltd
505299,Kulkarni Power Tools Ltd
513703,Kumar Wire Cloth Manufacturing Company Ltd
530421,Kuwer Industries Ltd
531882,Kwality Ltd
500250,L G Balakrishnan & Bros Ltd
532783,L T Foods Ltd
533519,L&T Finance Holdings Ltd
540115,L&T Technology Services Ltd
526947,La Opala RG Ltd
505693,La Tim Metal & Industries Ltd
524202,Lactose (India) Ltd
540026,Ladam Affordable Housing Ltd
530577,Ladderup Finance Ltd
524522,Laffans Petrochemicals Ltd
531842,Lahoti Overseas Ltd
535387,Lakhotia Polyesters (India) Ltd
505302,Lakshmi Automatic Loom Works Ltd
519570,Lakshmi Energy & Foods Ltd
500252,Lakshmi Machine Works Ltd
506079,Lakshmi Precision Screws Ltd
534690,Lakshmi Vilas Bank Ltd
590075,Lambodhara Textiles Ltd
532778,Lanco Infratech Ltd
509048,Lancor Holdings Ltd
533012,Landmark Property Development Company Ltd
540005,Larsen & Toubro Infotech Ltd
500510,Larsen & Toubro Ltd
540222,Laurus Labs Ltd
532829,Lawreshwar Polymers Ltd
531288,Lead Financial Services Ltd
540360,Leading Leasing Finance & Investment Company Ltd
508306,Ledo Tea Company Ltd
517415,Lee & Nee Software (Exports) Ltd
517518,LEEL Electricals Ltd
526596,Liberty Shoes Ltd
511593,Libord Finance Ltd
531027,Libord Securities Ltd
500253,LIC Housing Finance Ltd
539927,Likhami Consulting Ltd
507759,Lime Chemicals Ltd
517463,Linaks Microelectronics Ltd
531241,Linc Pen & Plastics Ltd
531633,Lincoln Pharmaceuticals Ltd
523457,Linde India Ltd
524748,Link Pharma Chem Ltd
526604,Lippi Systems Ltd
540192,LKP Securities Ltd
539992,Lloyds Steels Industries Ltd
500255,LML Ltd
532740,Lokesh Machines Ltd
526568,Longview Tea Company Ltd
530065,Lords Ishwar Hotels Ltd
532998,Lotus Eye Hospital & Institute Ltd
533343,Lovable Lingerie Ltd
514036,Loyal Textile Mills Ltd
526179,Ludlow Jute & Specialities Ltd
532796,Lumax Auto Technologies Ltd
517206,Lumax Industries Ltd
500257,Lupin Ltd
539542,Lux Industries Ltd
531402,LWS Knitwear Ltd
532368,Lycos Internet Ltd
500259,Lyka Labs Ltd
530689,Lykis Ltd
505320,Lynx Machinery & Commercials Ltd
534532,Lypsa Gems & Jewellery Ltd
526935,M B Parikh Finstock Ltd
538890,M K Exim (India) Ltd
522241,M M Forgings Ltd
532906,Maan Aluminium Ltd
507836,Mac Charles (India) Ltd
523248,Machino Plastics Ltd
512600,Macro International Ltd
515093,Madhav Marbles and Granites Ltd
531497,Madhucon Projects Ltd
511000,Madhusudan Securities Ltd
590134,Madras Fertilizers Ltd
538401,Maestros Electronics & Telecommunications Systems
500264,Mafatlal Industries Ltd
540650,Magadh Sugar & Energy Ltd
524000,Magma Fincorp Ltd
517449,Magna Eletrocasting Ltd
530347,Magnum Ltd
532896,Magnum Ventures Ltd
523384,Maha Rashtra Apex Corporation Ltd
519612,Mahaan Foods Ltd
514450,Mahalaxmi Rubtech Ltd
513460,Mahalaxmi Seamless Ltd
513554,Mahamaya Steel Industries Ltd
539957,Mahanagar Gas Ltd
500108,Mahanagar Telephone Nigam Ltd
530441,Mahanivesh (India) Ltd
500266,Maharashtra Scooters Ltd
500265,Maharashtra Seamless Ltd
539383,Mahaveer Infoway Ltd
531648,Mahavir Industries Ltd
532720,Mahindra & Mahindra Financial Services Ltd
500520,Mahindra & Mahindra Ltd
532756,Mahindra CIE Automotive Ltd
533088,Mahindra Holidays & Resorts India Ltd
532313,Mahindra Lifespace Developers Ltd
540768,Mahindra Logistics Ltd
590078,Maithan Alloys Ltd
513430,Maitri Enterprises Ltd
539289,Majesco Ltd
500267,Majestic Auto Ltd
506919,Makers Laboratories Ltd
539400,Mallcom (India) Ltd
532728,Malu Paper Mills Ltd
502995,Malwa Cotton Spinning Mills Ltd
513269,Man Industries (India) Ltd
533169,Man Infraconstruction Ltd
539045,Manaksia Aluminium Company Ltd
539046,Manaksia Coated Metals & Industries Ltd
539043,Manaksia Industries Ltd
532932,Manaksia Ltd
539044,Manaksia Steels Ltd
500268,Manali Petrochemicals Ltd
531213,Manappuram Finance Ltd
533204,Mandhana Industries Ltd
540210,Mandhana Retail Ventures Ltd
505850,Mangal Credit & Fincorp Ltd
502157,Mangalam Cement Ltd
532637,Mangalam Drugs and Organics Ltd
537800,Mangalam Industrial Finance Ltd
514418,Mangalam Organics Ltd
516007,Mangalam Timber Products Ltd
530011,Mangalore Chemicals & Fertilizers Ltd
500109,Mangalore Refinery And Petrochemicals Ltd
530243,Mangalya Soft-Tech Ltd
526115,Manor Estates & Industries Ltd
539207,Manpasand Beverages Ltd
511758,Mansi Finance (Chennai) Ltd
505324,Manugraph India Ltd
521018,Maral Overseas Ltd
503101,Marathon Nextgen Realty Ltd
502250,Marathwada Refractories Ltd
513544,Mardia Samyoung Capillary Tubes Company Ltd
513648,Marg Projects & Infrastructure Ltd
500206,Margo Finance Ltd
531642,Marico Ltd
531503,Maris Spinners Ltd
526891,Market Creators Ltd
524404,Marksans Pharma Ltd
517467,Marsons Ltd
523566,Martin Burn Ltd
531319,Maruti Securities Ltd
532500,Maruti Suzuki India Ltd
540749,MAS Financial Services Ltd
523704,Mastek Ltd
511768,Master Trust Ltd
526671,Matra Kaushal Enterprise Ltd
539219,Mauria Udyog Ltd
500248,Mavi Industries Ltd
523371,Mawana Sugars Ltd
500271,Max Financial Services Ltd
534338,Max Heights Infrastructure Ltd
539981,Max India Ltd
539940,Max Ventures and Industries Ltd
526538,Maximaa Systems Ltd
531680,Mayur Leather Products Ltd
522249,Mayur Uniquoters Ltd
523792,Mazda Ltd
533152,MBL Infrastructures Ltd
532852,McDowell Holdings Ltd
532654,Mcleod Russel India Ltd
532629,McNally Bharat Engineering Company Ltd
531146,Medicamen Biotech Ltd
526301,Medinova Diagnostic Services Ltd
538834,Meenakshi Enterprises Ltd
539767,Mega Nirman & Industries Ltd
532408,Megasoft Ltd
532865,Meghmani Organics Ltd
511367,Meglon Infra-Real (India) Ltd
511740,Mehta Housing Finance Ltd
511377,Mehta Integrated Finance Ltd
511738,Mehta Securities Ltd
532307,Melstar Information Technologies Ltd
523828,Menon Bearings Ltd
531727,Menon Pistons Ltd
539126,MEP Infrastructure Developers Ltd
538942,Mercantile Ventures Ltd
526235,Mercator Ltd
500126,Merck Ltd
538964,Mercury Laboratories Ltd
531810,Metal Coatings (India) Ltd
513335,Metalyst Forgings Ltd
532990,Metkore Alloys & Industries Ltd
500159,Metroglobal Ltd
532850,MIC Electronics Ltd
526251,Mid East Portfolio Management Ltd
526570,Midwest Gold Ltd
507621,Milkfood Ltd
511187,Millennium Online Solutions (India) Ltd
540023,Millitoons Entertainment Ltd
531456,Minaxi Textiles Ltd
538962,Minda Corporation Ltd
532539,Minda Industries Ltd
517344,Mindteck (India) Ltd
532819,Mindtree Ltd
530955,Mindvision Capital Ltd
532164,Minolta Finance Ltd
505797,Mipco Seamless Rings (Gujarat) Ltd
500279,MIRC Electronics Ltd
505336,Mirch Technologies (India) Ltd
526642,Mirza International Ltd
523782,Mitshi India Ltd
513377,MMTC Ltd
503772,Modella Woollens Ltd
509760,Modern Shares & Stockbrokers Ltd
513303,Modern Steels Ltd
537092,Modex International Securities Ltd
519003,Modi Naturals Ltd
500890,Modi Rubber Ltd
506261,Modison Metals Ltd
531453,Mohit Industries Ltd
530169,Mohit Paper Mills Ltd
533286,MOIL Ltd
533080,Mold-Tek Packaging Ltd
526263,Mold-Tek Technologies Ltd
511551,Monarch Networth Capital Ltd
532078,Monnet Industries Ltd
513446,Monnet Ispat & Energy Ltd
532723,Monnet Project Developers  Ltd
524084,Monsanto India Ltd
538836,Monte Carlo Fashions Ltd
530167,Moongipa Capital Finance Ltd
539199,Moongipa Securities Ltd
532621,Morarjee Textiles Ltd
511549,Morarka Finance Ltd
500288,Morepen Laboratories Ltd
526237,Morgan Ventures Ltd
523160,Morganite Crucible (India) Ltd
532407,Moschip Semiconductor Technology Ltd
517140,Moser Baer (India) Ltd
517334,Motherson Sumi Systems Ltd
532892,Motilal Oswal Financial Services Ltd
501343,Motor & General Finance Ltd
507522,Mount Shivalik Industries Ltd
526299,MphasiS Ltd
500450,MPIL Corporation Ltd
526143,MPL Plastics Ltd
532440,MPS Ltd
500290,MRF Ltd
532376,MRO-TEK Realty Ltd
532650,MSP Steel & Power Ltd
508922,MSR India Ltd
534312,MT Educare Ltd
538743,Mudunuru Ltd
532097,Mukand Engineers Ltd
500460,Mukand Ltd
530341,Mukesh Babu Financial Services Ltd
535204,Mukta Agriculture Ltd
532357,Mukta Arts Ltd
501477,Muller & Phipps (India) Ltd
534091,Multi Commodity Exchange of India Ltd
526169,Multibase India Ltd
520059,Munjal Auto Industries Ltd
520043,Munjal Showa Ltd
511200,Munoth Capital Markets Ltd
511401,Munoth Communication Ltd
515037,Murudeshwar Ceramics Ltd
540366,Music Broadcast Ltd
511766,Muthoot Capital Services Ltd
533398,Muthoot Finance Ltd
535205,Mystic Electronics Ltd
512024,N D Metal Industries Ltd
530897,N G Industries Ltd
519494,N K Industries Ltd
516082,N R Agarwal Industries Ltd
512279,N2N Technologies Ltd
524709,NACL Industries Ltd
531832,Nagarjuna Agri Tech Ltd
539917,Nagarjuna Fertilizers & Chemicals Ltd
534184,Nagarjuna Oil Refinery Ltd
532362,Nagpur Power & Industries Ltd
532895,Nagreeka Capital & Infrastructure Ltd
521109,Nagreeka Exports Ltd
532952,Nahar Capital & Financial Services Ltd
519136,Nahar Industrial Enterprises Ltd
523391,Nahar Polyfilms Ltd
500296,Nahar Spinning Mills Ltd
521030,Nakoda Ltd
531212,Nalin Lease Finance Ltd
532256,Nalwa Sons Investments Ltd
538395,Nam Securities Ltd
532641,Nandan Denim Ltd
539551,Narayana Hrudayalaya Ltd
519455,Narbada Gems & Jewellery Ltd
540204,Narendra Investments (Delhi) Ltd
531416,Narendra Properties Ltd
526739,Narmada Gelatines Ltd
539595,Natco Economicals Ltd
524816,Natco Pharma Ltd
537291,Nath Bio-Genes (India) Ltd
532234,National Aluminium Company Ltd
523630,National Fertilizer Ltd
531289,National Fittings Ltd
531651,National General Industries Ltd
526616,National Plastic Industries Ltd
531287,National Plastic Technologies Ltd
513179,National Steel & Agro Industries Ltd
530119,Natraj Proteins Ltd
524654,Natural Capsules Ltd
538926,Naturite Agro Products Ltd
513023,Nava Bharat Ventures Ltd
532504,Navin Fluorine International Limited
531494,Navkar Builders Ltd
539332,Navkar Corporation Ltd
539525,Navketan Merchants Ltd
508989,Navneet Education Ltd
534309,NBCC (India) Ltd
531452,NCC Finance Ltd
500294,NCC Ltd
502168,NCL Industries Ltd
530557,NCL Research and Financial Services Ltd
511535,NDA Securities Ltd
532649,Nectar Lifescience Ltd
531049,Neelkanth Rockminerals Ltd
539409,Neeraj Paper Marketing Ltd
537838,Negotium International Trade Ltd
532864,Nelcast Ltd
504112,NELCO Ltd
514332,Neo Infracon Ltd
526195,Neogem India Ltd
505355,NESCO Ltd
500790,Nestle India Ltd
511658,Nettlinx Ltd
530811,Netvista Information Technology Ltd
532798,Network 18 Media & Investments Ltd
532887,Neueon Towers Ltd
524558,Neuland Laboratories Ltd
532529,New Delhi Television Ltd
540243,New Light Apparels Ltd
532416,Next Mediaworks Ltd
538874,Nexus Commodities And Technologies Ltd
524774,NGL Fine Chem Ltd
517554,NHC Foods Ltd
533098,NHPC Ltd
526721,Nicco Parks & Resorts Ltd
512103,Nidhi Granites Ltd
531083,Nihar Info Global Ltd
500304,NIIT Ltd
532541,NIIT Technologies Ltd
526159,Nikhil Adhesives Ltd
531272,Nikki Global Finance Ltd
530377,Nila Infrastructures Ltd
530129,NILE Ltd
523385,Nilkamal Ltd
530971,Nimbus Industries Ltd
512425,Nirav Commercials Ltd
500307,Nirlon Ltd
539311,Nishtha Finance & Investment (India) Ltd
532722,Nitco Ltd
533202,Nitesh Estates Ltd
508875,Nitin Castings Ltd
532854,Nitin Fire Protection Industries Ltd
532698,Nitin Spinners Ltd
506532,Nitta Gelatin India Ltd
512381,Nivedita Mercantile And Financing Ltd
538772,Niyogin Fintech Ltd
513683,NLC India Ltd
526371,NMDC Ltd
506991,Noble Explochem Ltd
539200,Noble Polymers Ltd
500730,NOCIL Ltd
532481,Noida Toll Bridge Company Ltd
534615,North Eastern Carrying Corporation Ltd
539110,Northlink Fiscal & Capital Services Ltd
531465,Nouveau Global Ventures Ltd
530733,Nova Publications India Ltd
500672,Novartis India Ltd
530127,NPR Finance Ltd
532623,NR International Ltd
530367,NRB Bearings Ltd
535458,NRB Industrial Bearings Ltd
526723,NTC Industries Ltd
532555,NTPC Ltd
531209,Nucleus Software Exports Ltd
531304,Nutech Global Ltd
524764,Nutraplus India Ltd
512489,Oasis Securities Ltd
538547,Oasis Tradelink Ltd
533273,Oberoi Realty Ltd
535657,Objectone Information Systems Ltd
519491,Ocean Agro (India) Ltd
538019,Oceanaa Biotek industries Ltd
502165,OCL India Ltd
533008,OCL Iron & Steel Ltd
531996,Odyssey Corporation Ltd
530175,Odyssey Technologies Ltd
500312,Oil & Natural Gas Corpn Ltd
500313,Oil Country Tubular Ltd
533106,Oil India Ltd
526415,OK Play India Ltd
521105,Olympia Industries Ltd
534190,Olympic Cards Ltd
507609,Olympic Oil Industries Ltd
531092,Om Metals Infraprojects Ltd
538537,Omansh Enterprises Ltd
520021,Omax Autos Ltd
532880,Omaxe Ltd
519479,Omega Ag Seeds (Punjab) Ltd
531496,Omkar Overseas Ltd
533317,Omkar Speciality Chemicals Ltd
514324,Omnitex Industries (India) Ltd
533632,Onelife Capital Advisors Ltd
530805,Onesource Ideas Venture Ltd
532944,OnMobile Global Ltd
540386,Ontic Finserve Ltd
517536,Onward Technologies Ltd
530135,Optiemus Infracom Ltd
531254,Optimus Finance Ltd
532391,Opto Circuits (India) Ltd
539598,Oracle Credit Ltd
532466,Oracle Financial Services Software Ltd
512626,Orbit Exports Ltd
524372,Orchid Pharma Ltd
531157,Organic Coatings Ltd
513121,Oricon Enterprises Ltd
504879,Orient Abrasives Ltd
530365,Orient Bell Ltd
535754,Orient Cement Ltd
533263,Orient Green Power Company Ltd
502420,Orient Paper & Industries Ltd
526325,Orient Press Ltd
534076,Orient Refractories Ltd
531512,Orient Tradelink Ltd
500315,Oriental Bank of Commerce
506579,Oriental Carbon & Chemicals Ltd
500314,Oriental Hotels Ltd
532817,Oriental Trimex Ltd
531859,Oriental Veneer Products Ltd
590086,Orissa Minerals Development Company Ltd
531626,Orosil Smith India Ltd
539015,Ortel Communications Ltd
539287,Ortin Laboratories Ltd
530173,Oscar Global Ltd
501179,Oscar Investments Ltd
540198,Osiajee Texfab Ltd
500317,Oswal Agro Mills Ltd
539290,Oswal Green Tech Ltd
514460,Oswal Yarns Ltd
523151,OTCO International Ltd
514330,Overseas Synthetics Ltd
539291,Ozone World Ltd
532676,P B A Infrastructure Ltd
539267,P C Products India Ltd
523642,P I Industries Ltd
500143,P. H. Capital Ltd
531281,P.G. Industry Ltd
513403,P.M. Telelinnks Ltd
523862,Pacheli Industrial Finance Ltd
538963,Pact Industries Ltd
526905,Padmanabh Industries Ltd
531396,Pagaria Energy Ltd
532827,Page Industries Ltd
540648,Palash Securities Ltd
532521,Palred Technologies Ltd
511597,Palsoft Infosystems Ltd
517397,Pan Electronics (India) Ltd
531349,Panacea Biotec Ltd
538742,Panache Innovations Ltd
538860,Panafic Industrials Ltd
524820,Panama Petrochem Ltd
508941,Panasonic Carbon India Company Ltd
504093,Panasonic Energy India Company Ltd
506122,Pankaj Piyush Trade & Investment Ltd
531280,Pankaj Polymers Ltd
531816,Panoramic Universal Ltd
533211,Parabolic Drugs Ltd
539889,Parag Milk Foods Ltd
531255,Paragon Finance Ltd
530555,Paramount Communications Ltd
507970,Paramount Cosmetics (India) Ltd
524689,Parenteral Drugs (India) Ltd
524628,Parker Agrochem Exports Ltd
538646,Parnami Credits Ltd
506128,Parnax Lab Ltd
511702,Parsharti Investment Ltd
511176,Parshwanath Corporation Ltd
532780,Parsvnath Developers Ltd
521080,Pasari Spinning Mills Ltd
511734,Pasupati Fincap Ltd
531120,Patel Engineering Ltd
526381,Patel Integrated Logistics Ltd
517417,Patels Airtemp (India) Ltd
524031,Patidar Buildcon Ltd
514326,Patspin India Ltd
539113,Paul Merchants Ltd
532742,Paushak Ltd
535658,Pawansut Holdings Ltd
514087,PBM Polytex Ltd
534809,PC Jeweller Ltd
517119,PCS Technology Ltd
538730,PDS Multinational Fashions Ltd
532808,Pearl Global Industries Ltd
523260,Pearl Polymers Ltd
524136,Pee Cee Cosma Sope Ltd
531352,Peeti Securities Ltd
503031,Peninsula Land Ltd
539333,Pennar Engineered Building Systems Ltd
513228,Pennar Industries Ltd
524210,Pentokey Organy (India) Ltd
521062,Perfect-Octave Media Projects Ltd
526435,Perfectpac Ltd
533179,Persistent Systems Ltd
530381,Petron Engineering Construction Ltd
532522,Petronet LNG Ltd
500680,Pfizer Ltd
531769,PFL Infotech Ltd
533581,PG Electroplast Ltd
526747,PG Foils Ltd
523620,Phaarmasia Ltd
524572,Pharmaids Pharmaceuticals Ltd
506590,Phillips Carbon Black Ltd
526481,Phoenix International Ltd
503100,Phoenix Mills Ltd
537839,Phoenix Township Ltd
509084,Photon Capital Advisors Ltd
526588,Photoquip India Ltd
524808,Phyto Chem (India) Ltd
530305,Piccadily Agro Industries Ltd
532355,Picturehouse Media Ltd
500331,Pidilite Industries Ltd
500327,Pil Italica Lifestyle Ltd
539883,Pilani Investment & Industries Corporation Ltd
539007,Pincon Lifestyle Ltd
538771,Pincon Spirit Ltd
519439,Pioneer Agro Extracts Ltd
531879,Pioneer Distilleries Ltd
514300,Pioneer Embroideries Ltd
507864,Pioneer Investcorp Ltd
500302,Piramal Enterprises Ltd
513519,Pitti Laminations Ltd
500333,Pix Transmission Ltd
523105,Planter's Polysack Ltd
523648,Plastiblends India Ltd
534060,PMC Fincorp Ltd
532366,PNB Gilts Ltd
540173,PNB Housing Finance Ltd
539150,PNC Infratech Ltd
532803,Pochiraju Industries Ltd
539195,POCL Enterprises Ltd
523628,Poddar Housing & Development Ltd
524570,Poddar Pigments Ltd
532486,Pokarna Ltd
532254,Polaris Consulting & Services Ltd
526687,Polo Hotels Ltd
507645,Polson Ltd
531768,Poly Medicure Ltd
531397,Polycon International Ltd
514486,Polygenta Technologies Ltd
531454,Polylink Polymers (India) Ltd
526043,Polymechplast Machines Ltd
524051,Polyplex Corporation Ltd
539354,Polyspin Exports Ltd
512481,Polytex India Ltd
532626,Pondy Oxides & Chemicals Ltd
532460,Ponni Sugars (Erode) Ltd
532011,Pooja Entertainment & Films Ltd
519359,Poona Dal and Oil Industries Ltd
531870,Popular Estate Management Ltd
532933,Porwal Auto Components Ltd
532810,Power Finance Corporation Ltd
532898,Power Grid Corporation of India Ltd
539302,Power Mech Projects Ltd
532934,PPAP Automotive Ltd
539351,Prabhat Dairy Ltd
513532,Pradeep Metals Ltd
533178,Pradip Overseas Ltd
522205,Praj Industries Ltd
531746,Prajay Engineers Syndicate Ltd
533605,Prakash Constrowell Ltd
531437,Prakash Woollen & Synthetic Mills Ltd
531172,Pranavaditya Spinning Mills Ltd
532718,Pratibha Industries Ltd
526490,Pratik Panels Ltd
531257,Pratiksha Chemicals Ltd
539636,Precision Camshafts Ltd
523874,Precision Containeurs Ltd
517258,Precision Electronics Ltd
523539,Precision Wires India Ltd
530331,Premco Global Ltd
526247,Premier Explosives Ltd
500540,Premier Ltd
513291,Premier Pipes Ltd
514354,Premier Polyfilm Ltd
509835,Premier Synthetics Ltd
531802,Prerna Infrabuild Ltd
509077,Pressman Advertising Ltd
533274,Prestige Estates Projects Ltd
540293,Pricol Ltd
519262,Prima Agro Ltd
531246,Prima Industries Ltd
530589,Prima Plastics Ltd
532748,Prime Focus Ltd
519299,Prime Industries Ltd
530695,Prime Property Development Corporation Ltd
500337,Prime Securities Ltd
521149,Prime Urban Development India Ltd
500338,Prism Cement Ltd
512217,Prism Medico & Pharmacy Ltd
532387,Pritish Nandy Communications Ltd
511557,Pro Fin Capital Services Ltd
512105,Proaim Enterprises Ltd
500459,Procter & Gamble Hygiene and Health Care Ltd
531265,Progressive Extractions & Exports Ltd
526494,Promact Plastics Ltd
532647,Provogue (India) Ltd
534675,Prozone Intu Properties Ltd
526801,PSL Ltd
540544,PSP Projects Ltd
533344,PTC India Financial Services Ltd
532524,PTC India Ltd
539006,PTC Industries Ltd
509220,PTL Enterprises Ltd
516092,Pudumjee Industries Ltd
539785,Pudumjee Paper Products Ltd
500343,Pudumjee Pulp & Paper Mills Ltd
532693,Punj Lloyd Ltd
533295,Punjab & Sind Bank
506618,Punjab Chemicals & Crop Protection Ltd
500346,Punjab Communications Ltd
532461,Punjab National Bank
532891,Puravankara Ltd
538993,Purohit Construction Ltd
540159,Purple Entertainment Ltd
538647,Purshottam Investofin Ltd
517556,PVP Ventures Ltd
532689,PVR Ltd
536659,PVV Infra Ltd
511116,Quadrant Televentures Ltd
530281,Quantum Digital Vision India Ltd
539978,Quess Corp Ltd
535719,Quest Softech India Ltd
539678,Quick Heal Technologies Ltd
532866,Quintegra Solutions Ltd
517447,R S Software (India) Ltd
532735,R Systems International Ltd
512565,R T Exports Ltd
502271,Raasi Refractories Ltd
520073,RACL Geartech Ltd
590070,Radaan Mediaworks (I) Ltd
532692,Radha Madhav Corporation Ltd
539673,Radhagobind Commercial Ltd
531273,Radhe Developers (India) Ltd
539814,Radhey Trade Holding Ltd
532497,Radico Khaitan Ltd
531412,Radix Industries (India) Ltd
526813,Raghunath International Ltd
514316,Raghuvir Synthetics Ltd
531887,Rahul Merchandising Ltd
530047,Rai Saheb Rekhchand Mohota Spg.& Wvg. Mills Ltd
500339,Rain Industries Ltd
531694,Rainbow Foundations Ltd
523523,Rainbow Papers Ltd
530291,Raj Agro Mills Ltd
533093,Raj Oil Mills Ltd
530111,Raj Packaging Industries Ltd
530699,Raj Rayon Industries Ltd
532826,Raj Television Network Ltd
503127,Raja Bahadur International Ltd
538707,Rajasthan Cylinders & Containers Ltd
526873,Rajasthan Gases Ltd
530253,Rajasthan Tube Manufacturing Co Ltd
526662,Rajdarshan Industries Ltd
531500,Rajesh Exports Ltd
526823,Rajeswari Infrastructure Ltd
514028,Rajkamal Synthetics Ltd
513369,Rajkumar Forge Ltd
522257,Rajoo Engineers Ltd
517522,Rajratan Global Wire Ltd
500354,Rajshree Sugars & Chemicals Ltd
532665,Rajvir Industries Ltd
500355,Rallis India Ltd
530951,Ram Info Ltd
534734,Ram Minerals and Chemicals Ltd
522281,Ram Ratna Wires Ltd
500357,Rama Paper Mills Ltd
502587,Rama Pulp & Papers Ltd
539309,Rama Steel Tubes Ltd
532369,Ramco Industries Ltd
532370,Ramco Systems Ltd
532527,Ramkrishna Forgings Ltd
533262,Ramky Infrastructure Ltd
532690,Ramsarup Industries Ltd
507490,Rana Sugars Ltd
531228,Rander Corporation Ltd
532661,Rane (Madras) Ltd
532987,Rane Brake Lining Ltd
532988,Rane Engine Valve Ltd
505800,Rane Holdings Ltd
531583,Rap Media Ltd
500360,Rapicut Carbides Ltd
501351,Rapid Investments Ltd
507966,Ras Resorts & Apart Hotels Ltd
522207,Rasandik Engineering Industries India Ltd
524230,Rashtriya Chemicals & Fertilizers Ltd
531233,Rasi Electrodes Ltd
507649,Rasoi Ltd
532918,Rathi Bars Ltd
524610,Rathi Graphic Technologies Ltd
504903,Rathi Steel & Power Ltd
507652,Ratnamani Agro Industries Ltd
520111,Ratnamani Metals & Tubes Ltd
534597,RattanIndia Infrastructure Ltd
533122,Rattanindia Power Ltd
537840,Raunaq EPC International Ltd
507300,Ravalgaon Sugar Farm Ltd
533294,Ravikumar Distilleries Ltd
531207,Raymed Labs Ltd
500330,Raymond Ltd
540065,RBL Bank Ltd
531825,RCC Cements Ltd
537254,RCI Industries & Technologies Ltd
533608,RDB Rasayans Ltd
533285,RDB Realty & Infrastructure Ltd
530053,Real News & Views Ltd
538611,Real Touch Finance Ltd.
523650,Redex Protech Ltd
532805,Redington India Ltd
532884,Refex Industries Ltd
530815,Refnol Resins & Chemicals Ltd
531033,Regal Entertainment & Consultants Ltd
515018,Regency Ceramics Ltd
540175,Regency Investments Ltd
511585,Regency Trust Ltd
512624,Regent Enterprises Ltd
526075,Rekvina Labs Ltd
530517,Relaxo Footwears Ltd
532124,Reliable Ventures India Ltd
500111,Reliance Capital Ltd
503162,Reliance Chemotex Industries Ltd
532712,Reliance Communications Ltd
523445,Reliance Industrial Infrastructure Ltd
500325,Reliance Industries Ltd
500390,Reliance Infrastructure Ltd
533107,Reliance Naval & Engineering Ltd
540767,Reliance Nippon Life Asset Management Ltd
532939,Reliance Power Ltd
532915,Religare Enterprises Ltd
513043,Remi Edelstahl Tubulars Ltd
530919,Remsons Industries Ltd
532923,Renaissance Jewellery Ltd
535322,Repco Home Finance Ltd
532687,Repro India Ltd
524218,Resonance Specialities Ltd
538273,Response Informatics Ltd
505509,Responsive Industries Ltd
515085,Restile Ceramics Ltd
505368,Revathi Equipment Ltd
531888,Rexnord Electronics & Controls Ltd
531952,Riba Textiles Ltd
530271,Rich Universe Network Ltd
532766,Richa Industries Ltd
519230,Richirich Inventures Ltd
520008,Rico Auto Industries Ltd
524480,Riddhi Siddhi Gluco Biols Ltd
507508,Riga Sugar Company Ltd
530251,Risa International Ltd
531539,Rishabh Digha Steel & Allied Products Ltd
526861,Rishi Laser Ltd
526492,Rishiroop Ltd
519097,Ritesh International Ltd
526407,Ritesh Properties & Industries Ltd
512618,RLF Ltd
531447,Rockon Enterprises Ltd
531822,Rodium Realty Ltd
502448,Rollatainers Ltd
500366,Rolta India Ltd
530991,Roopa Industries Ltd
531324,Roselabs Finance Ltd
533168,Rossell India Ltd
517500,Roto Pumps Ltd
539922,Rotographics (India) Ltd
512047,Royal India Corporation Ltd
532699,Royal Orchid Hotels Ltd
526640,Royale Manor Hotels & Industries Ltd
532983,RPG Life Sciences Ltd
533284,RPP Infra Projects Ltd
530179,RSC International Ltd
539875,RSD Finance Ltd
500350,RSWM Ltd
531552,RTCL Ltd
531215,RTS Power Corporation Ltd
531099,Rubra Medicaments Ltd
503169,Ruby Mills Ltd
509020,Ruchi Infrastructure Ltd
500368,Ruchi Soya Industries Ltd
532785,Ruchira Papers Ltd
590124,Runeecha Textiles Ltd
530449,Rungta Irrigation Ltd
533552,Rupa & Company Ltd
532955,Rural Electrification Corporation Ltd
533470,Rushil Decor Ltd
517035,Ruttonsha International Rectifier Ltd
514197,S & T Corporation Ltd
540497,S Chand & Company Ltd
534598,S E Power Ltd
539450,S H Kelkar & Company Ltd
532316,S Kumars Online Ltd
540048,S P Apparels Ltd
530289,S P Capital Financing Ltd
513515,S R Industries Ltd
531307,S R K Industries Ltd
532604,S.A.L Steel Ltd
532905,Saamya Biotech (India) Ltd
540081,SAB Events & Governance Now Media Ltd
539112,SAB Industries Ltd
530267,Saboo Brothers Ltd
530461,Saboo Sodium Chloro Ltd
531869,Sacheta Metals Ltd
532710,Sadbhav Engineering Ltd
539346,Sadbhav Infrastructure Projects Ltd
506642,Sadhana Nitro Chem Ltd
532034,Safal Herbs Ltd
531448,Safal Securities Ltd
523025,Safari Industries (India) Ltd
531436,Saffron Industries Ltd
502090,Sagar Cements Ltd
540143,SagarSoft (India) Ltd
511533,Sahara Housing Fina Corporation Ltd
503691,Sahara One Media and Entertainment Ltd
532841,Sahyadri Industries Ltd
539660,Sahyog Multibase Ltd
538557,Sai Baba Investment and Commercial Enterprises Ltd
530265,Sainik Finance & Industries Ltd
515043,Saint-Gobain Sekurit India Ltd
590051,Saksoft Ltd
511066,Sakthi Finance Ltd
507315,Sakthi Sugars Ltd
532713,Sakuma Exports Ltd
540642,Salasar Techno Engineering Ltd
526554,Salguti Industries Ltd
590056,Salona Cotspin Ltd
500370,Salora International Ltd
517059,Salzer Electronics Ltd
511630,Sambhaav Media Ltd
520075,Samkrg Pistons & Rings Ltd
530617,Sampre Nutritions Ltd
530125,Samrat Pharmachem Ltd
500372,Samtel Color Ltd
521206,Samtex Fashions Ltd
530025,Samyak International Ltd
521222,Sanblue Corporation Ltd
523116,Sanco Trans Ltd
526725,Sandesh Ltd
524703,Sandu Pharmaceuticals Ltd
504918,Sandur Manganese & Iron Ores Ltd
539392,Sang Froid Labs (India) Ltd
516096,Sangal Papers Ltd
514234,Sangam (India) Ltd
511640,Sanghi Corporate Services Ltd
526521,Sanghi Industries Ltd
533411,Sanghvi Forging & Engineering Ltd
530073,Sanghvi Movers Ltd
531569,Sanjivani Paranteral Ltd
532972,Sankhya Infotech Ltd
532435,Sanmit Infra Ltd
500674,Sanofi India Ltd
514280,Sanrhea Technical Textile Ltd
531323,Santaram Spinners Ltd
530035,Santosh Fine Fab Ltd
519260,Sanwaria Consumer Ltd
531781,Sapan Chemicals Ltd
538992,Sar Auto Products Ltd
512020,Saraswati Commercial (India) Ltd
504614,Sarda Energy & Minerals Ltd
516032,Sarda Papers Ltd
532163,Saregama India Ltd
526885,Sarla Performance Fibers Ltd
514412,Sarup Industries Ltd
532663,Sasken Technologies Ltd
533259,Sastasundar Ventures Ltd
511076,Sat Industries Ltd
526093,Sathavahana Ispat Ltd
539201,Satia Industries Ltd
539404,Satin Creditcare Network Ltd
508996,Satra Properties (India) Ltd
537068,Satya Miners & Transporters Ltd
531160,Saumya Capital Ltd
539218,Saumya Consultants Ltd
502175,Saurashtra Cement Ltd
511577,Savani Financials Ltd
532404,Saven Technologies Ltd
524667,Savita Oil Technologies Ltd
531893,Sawaca Business Machines Ltd
532102,SBEC Sugar Ltd
526081,SC Agrotech Ltd
511672,Scan Steels Ltd
516110,Scandent Imaging Ltd
526544,Scanpoint Geomatics Ltd
507894,Schablona India Ltd
505790,Schaeffler India Ltd
534139,Schneider Electric Infrastructure Ltd
532900,SE Investments Ltd
533268,Sea TV Network Ltd
526807,SEAMEC Ltd
521182,Seasons Furnishings Ltd
514264,Seasons Textiles Ltd
540673,Security & Intelligence Services India Ltd
532993,Sejal Glass Ltd
532886,SEL Manufacturing Company Ltd
530075,Selan Explorations Technology Ltd
538875,Sellwin Traders Ltd
532021,Senbo Industries Ltd
531980,Senthil Infotek Ltd
512529,Sequent Scientific Ltd
533401,Servalakshmi Paper Ltd
531944,Servotech Engineering Industries Ltd
502450,Seshasayee Paper & Boards Ltd
505075,Setco Automotive Ltd
530867,SFL International Ltd
513436,Shah Alloys Ltd
519031,Shah Foods Ltd
526508,Shahi Shipping Ltd
539520,Shailja Commercial Trade Frenzy Ltd
501423,Shaily Engineering Plastics Ltd
531431,Shakti Pumps (India) Ltd
511754,Shalibhadra Finance Ltd
539895,Shalimar Agencies Ltd
509874,Shalimar Paints Ltd
512499,Shalimar Productions Ltd
532455,Shalimar Wires Industries Ltd
540425,Shankara Building Products Ltd
512297,Shantai Industries Ltd
531925,Shantanu Sheorey Aquakult Ltd
522034,Shanthi Gears Ltd
538666,Sharda Cropchem Ltd
513548,Sharda Ispat Ltd
535602,Sharda Motor Industries Ltd
512393,Shardul Securities Ltd
532908,Sharon Bio-Medicine Ltd
538212,Sharp Investments Ltd
540221,Shashank Traders Ltd
540203,Sheela Foam Ltd
530525,Sheetal Diamonds Ltd
533301,Shekhawati Poly-Yarn Ltd
526839,Shelter Infra Projects Ltd
538685,Shemaroo Entertainment Ltd
526117,Shervani Industrial Syndicate Ltd
539111,Sheshadri Industries Ltd
531201,Shilchar Technologies Ltd
513709,Shilp Gravures Ltd
530549,Shilpa Medicare Ltd
533389,Shilpi Cable Technologies Ltd
523598,Shipping Corporation of India Ltd
512289,Shirpur Gold Refinery Ltd
532323,Shiva Cement Ltd
530433,Shiva Global Agro Industries Ltd
524602,Shiva Medicare Ltd
522237,Shivagrico Implements Ltd
513097,Shivalik Bimetal Controls Ltd
539148,Shivalik Rasayan Ltd
532776,Shivam Autotech Ltd
538520,Shivamshree Businesses Ltd
539593,Shivansh Finserve Ltd
532638,Shoppers Stop Ltd
538795,Shree Ajit Pulp and Paper Ltd
521131,Shree Bhavya Fabrics Ltd
502563,Shree Bhawani Paper Mills Ltd
500387,Shree Cement Ltd
539470,Shree Ganesh Biotech India Ltd
532643,Shree Ganesh Forgings Ltd
512463,Shree Global Tradefin Ltd
524336,Shree Hari Chemicals Export Ltd
516106,Shree Karthik Papers Ltd
500388,Shree Krishna Paper Mills & Industries Ltd
503863,Shree Manufacturing Company Ltd
531962,Shree Metalloys Ltd
527005,Shree Pacetronix Ltd
539334,Shree Pushkar Chemicals & Fertilizers Ltd
516086,Shree Rajeshwaranand Paper Mills Ltd
503205,Shree Ram Urban Infrastructure Ltd
532310,Shree Rama Multi-Tech Ltd
500356,Shree Rama Newsprint Ltd
532670,Shree Renuka Sugars Ltd
513488,Shree Steel Wire Ropes Ltd
531667,Shree Surgovind Tradelink  Ltd
590128,Shree Tulsi Online.Com Ltd
516016,Shreyans Industries Ltd
526335,Shreyas Intermediates Ltd
520151,Shreyas Shipping & Logistics Ltd
526981,Shri Bajarang Alloys Ltd
512453,Shri Jagdamba Polymers Ltd
530977,Shri Keshav Cements & Infra Ltd
531080,Shri Krishna Devcon Ltd
538897,Shri Niwas Leasing & Finance Ltd
508961,Shricon Industries Ltd
531359,Shriram Asset Management Co Ltd
532498,Shriram City Union Finance Ltd
532945,Shriram EPC Ltd
511218,Shriram Transport Finance Company Ltd
524632,Shukra Pharmaceuticals Ltd
539252,Shyam Century Ferrous Ltd
505515,Shyamkamal Investments Ltd
533014,Sicagen India Ltd
520086,Sical Logistics Ltd
530439,Siddha Ventures Ltd
500550,Siemens Ltd
512131,Signet Industries Ltd
523606,Sika Interplant Systems Ltd
521194,SIL Investments Ltd
531635,Silver Oak (India) Ltd
539742,Simbhaoli Sugars Ltd
507998,Simmonds Marshall Ltd
513472,Simplex Castings Ltd
523838,Simplex Infrastructures Ltd
533018,Simplex Mills Company Ltd
533019,Simplex Papers Ltd
532877,Simplex Projects Ltd
503229,Simplex Realty Ltd
519566,Simran Farms Ltd
523023,Sinclairs Hotels Ltd
532029,Sindhu Trade Links Ltd
502742,Sintex Industries Ltd
540653,Sintex Plastics Technology Ltd
532879,Sir Shadi Lal Enterprises Ltd
512589,Sita Enterprises Ltd
532961,Sita Shree Food Products Ltd
532795,Siti Networks Ltd
503811,Siyaram Silk Mills Ltd
504398,SJ Corporation Ltd
533206,SJVN Ltd
500472,SKF India Ltd
539861,SKIL Infrastructure Ltd
538562,Skipper Ltd
532143,SKM Egg Products Export (India) Ltd
531169,SKP Securities Ltd
526479,Sky Industries Ltd
505650,Skyline Millars Ltd
538919,Skyline Ventures India Ltd
523846,Skypak Services Specialist Ltd
522042,SM Energy Teknik & Electronics Ltd
539494,Smart Finsec Ltd
532419,Smartlink Network Systems Ltd
508905,SMIFS Capital Markets Ltd
505192,SML ISUZU Ltd
540686,Smruthi Organics Ltd
532815,SMS Pharmaceuticals Ltd
505827,SNL Bearings Ltd
538635,Snowman Logistics Ltd
532784,Sobha Ltd
532344,Softsol India Ltd
532725,Solar Industries India Ltd
500394,Solid Carbide Tools Ltd
538575,Solis Marketing Ltd
522152,Solitaire Machine Tools Ltd
507514,Som Distilleries & Breweries Ltd
521034,Soma Textiles & Industries Ltd
531548,Somany Ceramics Ltd
533001,Somi Conveyor Beltings Ltd
520057,Sona Koyo Steering Systems Ltd
526901,Sonal Adhesives Ltd
538943,Sonal Mercantile Ltd
532221,Sonata Software Ltd
539378,Soni Medicare Ltd
533520,SORIL Holdings & Ventures Ltd
532679,SORIL Infra Resources Ltd
521036,Source Industries (India) Ltd
531398,Source Natural Foods & Herbal Supplements Ltd
526477,South Asian Enterprises Ltd
538891,South India Projects Ltd
532218,South Indian Bank Ltd
540174,Southern Infosys Ltd
514454,Southern Latex Ltd
532669,Southern Online Bio Technologies Ltd
590030,Southern Petrochemicals Industries Corporation Ltd
523826,Sovereign Diamonds Ltd
532025,Sowbhagya Media Ltd
524727,Span Divergent Ltd
531370,Sparc Systems Ltd
534425,Speciality Restaurants Ltd
513687,Spectra Industries Ltd
531982,Spectrum Foods Ltd
517166,Spel Semiconductor Ltd
526161,Spenta International Ltd
521082,Spentex Industries Ltd
532172,Sphere Global Services Ltd
526827,Spice Islands Apparels Ltd
517214,Spice Mobility Ltd
539168,Spisys Ltd
532651,SPL Industries Ltd
513414,Splendid Metal Products Ltd
500402,SPML Infra Ltd
539221,Sportking India Ltd
540570,Spring Fields Infraventures Ltd
530177,SPS International Ltd
533121,SQS India BFSI Ltd
526532,Square Four Projects India Ltd
530037,Sree Jayalakshmi Autospin Ltd
507753,Sree Rayalaseema Alkalies & Allied Chemicals Ltd
532842,Sree Rayalaseema Hi-Strength Hypo Ltd
532701,Sree Sakthi Paper Mills Ltd
535601,Sreeleathers Ltd
523756,SREI Infrastructure Finance Ltd
539217,Srestha Finvest Ltd
503806,SRF Ltd
534680,SRG Housing Finance Ltd
530943,Sri Adhikari Brothers Television Network Ltd
514442,Sri KPR Industries Ltd
521161,Sri Lakshmi Saraswathi (Arni) Ltd
521234,Sri Nachammai Cotton Mills Ltd
521178,Sri Ramakrishna Mills (Coimbatore) Ltd
513605,Srikalahasthi Pipes Ltd
523222,SRM Energy Ltd
536799,SRS Finance Ltd
533569,SRS Ltd
533305,SRS Real Infrastructure Ltd
514336,SSK Lifestyles Ltd
530821,SSPDL Ltd
531723,Stampede Capital Ltd
511700,Standard Capital Markets Ltd
530017,Standard Industries Ltd
530931,Stanpacks (India) Ltd
506105,Stanrose Mafatlal Investment & Finance Ltd
540575,Star Cement Ltd
539255,Star Delta Transformers Ltd
516022,Star Paper Mills Ltd
531616,Starcom Information Technology Ltd
517548,Starlite Components Ltd
500112,State Bank of India
512531,State Trading Corporation of India Ltd
500113,Steel Authority of India Ltd
534748,Steel Exchange India Ltd
513173,Steel Strips Infrastructures Ltd
513262,Steel Strips Wheels Ltd
533316,STEL Holdings Ltd
531509,Step Two Corporation Ltd
512299,Sterling Biotech Ltd
526500,Sterling Green Woods Ltd
508998,Sterling International Enterprises Ltd
513575,Sterling Powergensys Ltd
530759,Sterling Tools Ltd
532374,Sterlite Technologies Ltd
504960,Stewarts & Lloyds of India Ltd
513151,STI India Ltd
532730,STL Global Ltd
522085,Stone India Ltd
504959,Stovec Industries Ltd
530495,Stratmont Industries Ltd
532531,Strides Shasun Ltd
526951,Stylam Industries Ltd
532348,Subex Ltd
530231,Subhash Silk Mills Ltd
517168,Subros Ltd
538714,Suchitra Finance & Trading Company Ltd
506003,Sudal Industries Ltd
506655,Sudarshan Chemical Industries Ltd
511654,Sugal & Damani Share Brokers Ltd
539117,Sujala Trading & Holdings Ltd
517224,Sujana Universal Industries Ltd
524542,Sukhjit Starch & Chemicals Ltd
508969,Sulabh Engineers & Services Ltd
530419,Sumedha Fiscal Services Ltd
514211,Sumeet Industries Ltd
530445,Sumeru Industries Ltd
533306,Summit Securities Ltd
532070,Sumuka Agro Industries Ltd
532154,Sun & Shine Worldwide Ltd
532872,Sun Pharma Advanced Research Company Ltd
524715,Sun Pharmaceuticals Industries Ltd
532733,Sun TV Network Ltd
530795,Suncity Synthetics Ltd
590072,Sundaram Brake Linings Ltd
520056,Sundaram Clayton Ltd
590071,Sundaram Finance Ltd
533166,Sundaram Multi Pap Ltd
500403,Sundram Fasteners Ltd
500404,Sunflag Iron & Steel Company Ltd
531433,Sungold Capital Ltd
530953,Sunil Agro Foods Ltd
537253,Sunil Healthcare Ltd
532711,Sunil Hitech Engineers Ltd
523425,Sunraj Diamond Exports Ltd
530845,Sunshield Chemicals Ltd
535141,Sunstar Realty Development Ltd
512179,Sunteck Realty Ltd
530735,Super Bakers (India) Ltd
530883,Super Crop Safe Ltd
521180,Super Spinning Mills Ltd
523842,Super Tannery Ltd
523283,Superhouse Ltd
526133,Supertex Industries Ltd
540168,Supra Pacific Management Consultancy Ltd
511539,Supra Trends Ltd
532509,Suprajit Engineering Ltd
509930,Supreme Industries Ltd
532904,Supreme Infrastructure India Ltd
500405,Supreme Petrochem Ltd
531934,Supreme Tex Mart Ltd
534733,Supremex Shine Steels Ltd
531638,Suraj Ltd
518075,Suraj Products Ltd
531102,Surana Corporation Ltd
513597,Surana Industries Ltd
533298,Surana Solar Ltd
517530,Surana Telecom and Power Ltd
532874,Surya Chakra Power Corporation Ltd
500336,Surya Roshni Ltd
533101,Suryaamba Spinning Mills Ltd
521200,Suryalakshmi Cotton Mills Ltd
514138,Suryalata Spinning Mills Ltd
519604,Suryo Foods & Industries Ltd
532782,Sutlej Textiles and Industries Ltd
530239,Suven Life Sciences Ltd
537259,Suyog Telematics Ltd
532667,Suzlon Energy Ltd
503624,Svaraj Trading & Agencies Ltd
512449,SVC Resources Ltd
505590,SVP Global Ventures Ltd
503659,SW Investments Ltd
503816,Swadeshi Polytex Ltd
531909,Swagruha Infrastructure Ltd
503310,Swan Energy Ltd
539353,Swaraj Automotives Ltd
500407,Swaraj Engines Ltd
531003,Swarna Securities Ltd
526365,Swarnsarita Gems Ltd
512257,Swasti Vinayaka Art & Heritage Corporation Ltd
510245,Swasti Vinayaka Synthetics Ltd
530585,Swastika Investmart Ltd
532051,Swelect Energy Systems Ltd
522215,Swiss Glascoat Equipments Ltd
531637,Sword & Shield Pharma Ltd
512359,Sword-Edge Commercials Ltd
531499,Sybly Industries Ltd
511447,Sylph Technologies Ltd
539278,Symbiox Investment & Trading Co Ltd
517385,Symphony Ltd
524470,Syncom Formulations (India) Ltd
533157,Syncom Healthcare Ltd
532276,Syndicate Bank
539143,Synergy Bizcon Ltd
539268,Syngene International Ltd
513307,Synthiko Foils Ltd
526506,Systematix Corporate Services Ltd
522294,T & I Global Ltd
514142,T T Ltd
532515,T.V. Today Network Ltd
539956,TAAL Enterprises Ltd
537392,Taaza International Ltd
519483,Tai Industries Ltd
507785,Tainwala Chemicals & Plastics (India) Ltd
532390,TajGVK Hotels & Resorts Ltd
532890,Take Solutions Ltd
505160,Talbros Automotive Components Ltd
538987,Talbros Engineering Ltd
533200,Talwalkars Better value Fitness Ltd
533170,Tamboli Capital Ltd
531426,Tamil Nadu Newsprint & Papers Ltd
500777,Tamil Nadu Petro Products Ltd
523419,Tamil Nadu Telecommunications Ltd
521038,Tamilnadu Jai Bharath Mills Ltd
506854,Tanfac Industries Ltd
532790,Tanla Solutions Ltd
532738,Tantia Constructions Ltd
534756,Tara Jewels Ltd
519285,Tarai Foods Ltd
533203,Tarapur Transformers Ltd
532869,Tarmat Ltd
519091,Tasty Bite Eatables Ltd
500770,Tata Chemicals Ltd
532301,Tata Coffee Ltd
500483,Tata Communications Ltd
532540,Tata Consultancy Services Ltd
500408,Tata Elxsi Ltd
500800,Tata Global Beverages Ltd
501301,Tata Investment Corporation Ltd
513434,Tata Metaliks Ltd
500570,Tata Motors Ltd
500400,Tata Power Company Ltd
513010,Tata Sponge Iron Ltd
500470,Tata Steel Ltd
532371,Tata Teleservices (Maharashtra) Ltd
531190,Tavernier Resources Ltd
504961,Tayo Rolls Ltd
532284,TCFC Finance Ltd
533393,TCI Developers Ltd
540212,TCI Express Ltd
501242,TCI Finance Ltd
532262,TCI Industries Ltd
524156,TCM Ltd
523301,TCPL Packaging Ltd
533553,TD Power Systems Ltd
539658,Team Lease Services Ltd
532755,Tech Mahindra Ltd
526576,Techindia Nirman Ltd
533281,Techno Electric & Engineering Company Ltd
532804,Technocraft Industries (India) Ltd
533216,Technofab Engineering Ltd
501421,TechNVision Ventures Ltd
524204,Teesta Agro Industries Ltd
540595,Tejas Networks Ltd
530595,TeleCanor Global Ltd
533982,Tera Software Ltd
530533,Terai Tea Co Ltd
505400,Texmaco Infrastructure & Holdings Ltd
533326,Texmaco Rail & Engineering Ltd
533164,Texmo Pipes & Products Ltd
532845,TGB Banquets & Hotels Ltd
509945,Thacker & Company Ltd
526654,Thakkers Developers Ltd
509015,Thakral Services (India) Ltd
514484,Thambbi Modern Spinning Mills Ltd
533158,Thangamayil Jewellery Ltd
531373,The Byke Hospitality Ltd
522073,The Hi-Tech Gears Ltd
500260,The Ramco Cements Ltd
530199,Themis Medicare Ltd
500411,Thermax Ltd
531652,Thirdwave Financial Intermediaries Ltd
507450,Thiru Arooran Sugars Ltd
500412,Thirumalai Chemicals Ltd
500413,Thomas Cook (India) Ltd
533941,Thomas Scott India Ltd
539871,Thyrocare Technologies Ltd
540108,Tiaan Ayurvedic & Herbs Ltd
590005,Tide Water Oil Co (I) Ltd
536264,Tiger Logistics (India) Ltd
533629,Tijaria Polypipes Ltd
505196,TIL Ltd
507205,Tilaknagar Industries Ltd
532856,Time Technoplast Ltd
511559,Times Guaranty Ltd
522113,Timken India Ltd
530475,Tinna Rubber & Infrastructure Ltd
504966,Tinplate Company of India Ltd
532375,Tips Industries Ltd
531547,Tirupati Industries (India) Ltd
531814,Tirupati Sarjan Ltd
524582,Tirupati Starch & Chemicals Ltd
539040,Tirupati Tyres Ltd
532966,Titagarh Wagons Ltd
524717,Titan Biotech Ltd
500114,Titan Company Ltd
521005,Titan Intech Ltd
530045,Titan Securities Ltd
531910,Toheal Pharmachem Ltd
531644,Tokyo Finance Ltd
500418,Tokyo Plast International Ltd
500420,Torrent Pharmaceuticals Ltd
532779,Torrent Power Ltd
526650,Tourism Finance Corporation of India Ltd
531771,Towa Sokki Ltd
538607,Toyam Industries Ltd
526582,TPL Plastech Ltd
509953,Trade-Wings Ltd
530783,Trans Asia Corporation Ltd
500422,Transchem Ltd
532410,Transcorp International Ltd
532928,Transformers & Rectifiers India Ltd
526139,Transgene Biotek Ltd
519367,Transglobe Foods Ltd
506687,Transpek Industry Ltd
532349,Transport Corporation of India Ltd
532812,Transwarranty Finance Ltd
511730,TRC Financial Services Ltd
533540,Tree House Education & Accessories Ltd
517228,Trend Electronics Ltd
500251,Trent Ltd
505854,TRF Ltd
534369,Tribhovandas Bhimji Zaveri Ltd
531716,Tricom Fruit Products Ltd
521064,Trident Ltd
531972,Trident Tools Ltd
531568,Tridev InfraEstates Ltd
517562,Trigyn Technologies Ltd
531712,Trilogic Digital Media Ltd
536565,Trimurthi Ltd
512417,Trinity Tradelink Ltd
534755,Trio Mercantile & Trading Ltd
531279,Trishakti Electronics & Industries Ltd
505978,Triton Valves Ltd
532356,Triveni Engineering and Industries Ltd
533655,Triveni Turbine Ltd
538597,TTI Enterprise Ltd
507747,TTK Healthcare Ltd
517506,TTK Prestige Ltd
531088,Tulip Star Hotels Ltd
505285,Tulive Developers Ltd
532948,Tulsi Extrusions Ltd
506808,Tuticorin Alkali Chemicals & Fertilizers Ltd
540083,TV Vision Ltd
532800,TV18 Broadcast Ltd
532513,TVS Electronics Ltd
532343,TVS Motor Company Ltd
509243,TVS Srichakra Ltd
526921,Twenty First Century Management Services Ltd
531917,Twinstar Industries Ltd
532384,Tyche Industries Ltd
526945,Tyroon Tea Company Ltd
500464,Ucal Fuel Systems Ltd
532505,UCO Bank
530131,Udaipur Cement Works Ltd
539518,Uday Jewellery Industries Ltd
500148,Uflex Ltd
539141,UFO Moviez India Ltd
530363,Ugar Sugar Works Ltd
533644,Ujaas Energy Ltd
539874,Ujjivan Financial Services Ltd
538706,Ultracab (India) Ltd
506685,Ultramarine & Pigments Ltd
532538,UltraTech Cement Ltd
500231,Umang Dairies Ltd
506690,Unichem Laboratories Ltd
524264,Unimers India Ltd
532477,Union Bank of India
526799,Union Quality Plastics Ltd
500429,Uniphos Enterprises Ltd
532646,Uniply Industries Ltd
540189,Unipro Technologies Ltd
530997,Unique Organics Ltd
521226,Uniroyal Industries Ltd
526113,Uniroyal Marine Exports Ltd
538610,Unison Metals Ltd
532035,Unistar Multimedia Ltd
531867,Unitech International Ltd
507878,Unitech Ltd
533171,United Bank of India
532478,United Breweries Ltd
531091,United Credit Ltd
522014,United Drilling Tools Ltd
502893,United Interactive Ltd
532432,United Spirits Ltd
532746,Unity Infraprojects Ltd
532378,Universal Arts Ltd
504212,Universal Cables Ltd
531963,Universal Credit & Securities Ltd
504673,Universal Prime Aluminium Ltd
524408,Universal Starch Chem Allied Ltd
514144,Uniworth Ltd
531762,Unjha Formulations Ltd
511764,Upasana Finance Ltd
512070,UPL Ltd
531390,Upsurge Investment & Finance Ltd
534796,Urbaknitt Fabs Ltd
526987,Urja Global Ltd
532402,USG Tech Solutions Ltd
532398,Usha Martin Education & Solutions Ltd
517146,Usha Martin Ltd
511507,Ushakiran Finance Ltd
532765,Usher Agro Ltd
500426,UTL Industries Ltd
513216,Uttam Galva Steels Ltd
532729,Uttam Sugar Mills Ltd
500254,Uttam Value Steels Ltd
507880,V I P Industries Ltd
532867,V2 Retail Ltd
533269,Va Tech Wabag Ltd
532320,Vaarad Ventures Ltd
519152,Vadilal Enterprises Ltd
519156,Vadilal Industries Ltd
531676,Vaghani Techno-Build Ltd
532156,Vaibhav Global Ltd
511431,Vakrangee Ltd
526775,Valiant Communications Ltd
513397,Vallabh Steels Ltd
530403,Vallabha Poly-Plast International Ltd
530459,Valson Industries Ltd
500945,Value Industries Ltd
512175,Vama Industries Ltd
530369,Vamshi Rubber Ltd
538918,Vani Commercial Ltd
530109,Vantage Corporate Services Ltd
502589,Vapi Paper Mills Ltd
531444,Vardhman Concrete Ltd
500439,Vardhman Holdings Ltd
513534,Vardhman Industries Ltd
514175,Vardhman Polytex Ltd
534392,Vardhman Special Steels Ltd
502986,Vardhman Textiles Ltd
540180,Varun Beverages Ltd
531574,Vas Infrastructure Ltd
533156,Vascon Engineers Ltd
538634,Vasundhara Rasayans Ltd
533576,Vaswani Industries Ltd
513005,VBC Ferro Alloys Ltd
511493,VCK Capital Market Services Ltd
500295,Vedanta Ltd
533056,Vedavaag Systems Ltd
522267,Veejay Lakshmi Engineering Works Ltd
503657,Veer Energy & Infrastructure Ltd
539132,Vegetable Products Ltd
526755,Velan Hotels Ltd
505232,Veljan Denison Ltd
523261,Venky's (India) Ltd
516098,Ventura Textiles Ltd
526953,Venus Remedies Ltd
531950,Vertex Securities Ltd
520113,Vesuvius India Ltd
539331,Veto Switchgears & Cables Ltd
532953,V-Guard Industries Ltd
537524,Viaan Industries Ltd
523796,Viceroy Hotels Ltd
503349,Victoria Mills Ltd
531234,Victory Paper & Boards (India) Ltd
511389,Videocon Industries Ltd
531717,Vidhi Specialty Food Ingredients Ltd
523724,Vijay Shanthi Builders Ltd
531069,Vijay Solvex Ltd
530151,Vijay Textiles Ltd
532401,Vijaya Bank
530961,Vikas Ecotech Ltd
531518,Vikas Granaries Ltd
519307,Vikas Wsp Ltd
530477,Vikram Thermo (India) Ltd
519373,Vimal Oil and Foods Ltd
524394,Vimta Labs Ltd
504380,Vinaditya Trading Company Ltd
524200,Vinati Organics Ltd
534639,Vinayak Polycon International Ltd
517015,Vindhya Telelinks Ltd
531051,Vintage Securities Ltd
517393,Vintron Informatics Ltd
524129,Vinyl Chemicals (I) Ltd
530401,Vinyoflex Ltd
532613,VIP Clothing Ltd
514302,Vippy Spinpro Ltd
511726,Vipul Ltd
530627,Vipul Organics Ltd
519457,Virat Crane Industries Ltd
530521,Virat Industries Ltd
532354,Virgo Global Ltd
532372,Virinchi Ltd
534741,Virtual Global Education Ltd
531126,Virtualsoft Systems Ltd
532721,Visa Steel Ltd
531025,Visagar Financial Services Ltd
506146,Visagar Polytex Ltd
509055,Visaka Industries Ltd
516072,Vishnu Chemicals Ltd
511276,Vishvas Projects Ltd
512064,Vishvprabha Trading Ltd
531668,Vision Corporation Ltd
524711,Vista Pharmaceuticals Ltd
538565,Vistar Amar Ltd
538548,Vitan Agro Industries Ltd
530057,Vivanza Biosciences Ltd
524576,Vivid Global Industries Ltd
532660,Vivimed Labs Ltd
511509,Vivo Bio Tech Ltd
509026,VJTF Eduservices Ltd
536128,VKJ Infradevelopers Ltd
511333,VLS Finance Ltd
534976,V-Mart Retail Ltd
533427,VMS Industries Ltd
509038,Voltaire Leasing & Finance Ltd
532757,Voltamp Transformers Ltd
500575,Voltas Ltd
512215,Vora Constructions Ltd
539118,VRL Logistics Ltd
519331,VSF Projects Ltd
509966,VST Industries Ltd
531266,VST Tillers Tractors Ltd
517399,VXL Instruments Ltd
506142,Vyapar Industries Ltd
501391,W H Brady & Co Ltd
504220,W S Industries (India) Ltd
533023,WABCO India Ltd
503675,Wagend Infra Venture Ltd
501370,Walchand Peoplefirst Ltd
507410,Walchandnagar Industries Ltd
511147,Wall Street Finance Ltd
532053,Wallfort Financial Services Ltd
524212,Wanbury Ltd
508494,Warren Tea Ltd
517498,Websol Energy System Ltd
533452,Weizmann Forex Ltd
523011,Weizmann Ltd
504988,Welcast Steels Ltd
524661,Welcure Drugs & Pharmaceuticals Ltd
532016,Wellesley Corporation Ltd
532144,Welspun Corp Ltd
532553,Welspun Enterprises Ltd
514162,Welspun India Ltd
533252,Welspun Investments & Commercials Ltd
505412,Wendt India Ltd
532373,WEP Solutions Ltd
500444,West Coast Paper Mills Ltd
538382,West Leisure Resorts Ltd
505533,Westlife Development Ltd
590073,Wheels India Ltd
500238,Whirlpool of India Ltd
513713,White Organic Agro Ltd
519214,Williamson Financial Services Ltd
519224,Williamson Magor & Company Ltd
526586,Wim Plast Ltd
522029,Windsor Machines Ltd
526471,Winsome Breweries Ltd
514470,Winsome Textile Industries Ltd
514348,Winsome Yarns Ltd
524758,Wintac Ltd
507685,Wipro Ltd
507817,Wires & Fabriks (S.A) Ltd
511642,Wisec Global Ltd
532300,Wockhardt Ltd
538268,Wonderla Holidays Ltd
538451,Worth Investment & Trading Company Ltd
505872,WPIL Ltd
532616,Xchanging Solutions Ltd
532788,XL Energy Ltd
590013,XPRO India Ltd
511012,Yamini Investment Company Ltd
514378,Yarn Syndicate Ltd
511601,Yash Management & Satelite Ltd
516030,Yash Papers Ltd
530063,Yashraj Containeurs Ltd
532648,Yes Bank Ltd
530675,York Exports Ltd
522108,Yuken India Ltd
536846,Yuranus Infrastructure Ltd
531663,Yuvraaj Hygiene Products Ltd
506720,Zandu Realty Ltd
505537,Zee Entertainment Enterprises Ltd
533287,Zee Learn Ltd
532794,Zee Media Corporation Ltd
533339,Zen Technologies Ltd
508900,Zenith Capitals Ltd
512553,Zenith Exports Ltd
514266,Zenith Fibres Ltd
530697,Zenlabs Ethica Ltd
532039,Zenotech Laboratories Ltd
504067,Zensar Technologies Ltd
531404,Zicom Electronic Security Systems Ltd
521163,Zodiac Clothing Company Ltd
512587,Zodiac-JRD-MKJ Ltd
534742,Zuari Agro Chemicals Ltd
500780,Zuari Global Ltd
531335,Zydus Wellness Ltd
532883,Zylog Systems Ltd
500298,National Peroxide
